OTU_ID,Taxonomy,Genus,Tax_Reformatted
76775,Malassezia restricta,Malassezia,Malassezia_restricta
559292,Saccharomyces cerevisiae S288C,Saccharomyces,Saccharomyces_cerevisiae
1080349,Saccharomyces eubayanus,Saccharomyces,Saccharomyces_eubayanus
27291,Saccharomyces paradoxus,Saccharomyces,Saccharomyces_paradoxus
1071382,Kazachstania africana CBS 2517,Kazachstania,Kazachstania_africana
1987369,Saccharomyces jurei,Saccharomyces,Saccharomyces_jurei
114524,Saccharomyces kudriavzevii,Saccharomyces,Saccharomyces_kudriavzevii
2499237,Alternaria sect. Alternaria,Alternaria,Alternaria_sect_Alternaria
5599,Alternaria alternata,Alternaria,Alternaria_alternata
1151026,Cladosporium sphaerospermum UM 843,Cladosporium,Cladosporium_sphaerospermum
74722,Stachybotrys chartarum,Stachybotrys,Stachybotrys_chartarum
187734,Alternaria alternata complex,Alternaria,Alternaria_alternata_complex
5478,Candida glabrata,Candida,Candida_glabrata
425265,Malassezia globosa CBS 7966,Malassezia,Malassezia_globosa
933388,Penicillium oxalicum 114-2,Penicillium,Penicillium_oxalicum
237561,Candida albicans SC5314,Candida,Candida_albicans
573826,Candida dubliniensis CD36,Candida,Candida_dubliniensis 
169489,Malassezia dermatis,Malassezia,Malassezia_dermatis
284592,Debaryomyces hansenii CBS767,Debaryomyces,Debaryomyces_hansenii
983966,Cyberlindnera jadinii NRRL Y-1542,Cyberlindnera,Cyberlindnera_jadinii
1036612,Aspergillus sydowii CBS 593.65,Aspergillus,Aspergillus_sydowii
5480,Candida parapsilosis,Candida,Candida_parapsilosis
5288,Rhodotorula diobovata,Rhodotorula,Rhodotorula_diobovata
1279117,Papiliotrema flavescens NRRL Y-50378,Papiliotrema,Papiliotrema_flavescens
2028340,Meyerozyma sp. JA9,Meyerozyma,Meyerozyma_sp
1230383,Malassezia sympodialis ATCC 42132,Malassezia,Malassezia_sympodialis
29833,Hanseniaspora uvarum,Hanseniaspora,Hanseniaspora_uvarum
4909,Pichia kudriavzevii,Pichia,Pichia_kudriavzevii
936046,Agaricus bisporus var. bisporus H97,Agaricus,Agaricus_bisporus
1262450,Ophiostoma piceae UAMH 11346,Ophiostoma,Ophiostoma_piceae
5076,Penicillium chrysogenum,Penicillium,Penicillium_chrysogenum
34458,Ganoderma boninense,Ganoderma,Ganoderma_boninense
223818,Malassezia japonica,Malassezia,Malassezia_japonica
157611,Bullera alba,Bullera,Bullera_alba
229219,Blastomyces,Blastomyces,Blastomyces
559297,Blastomyces dermatitidis ER-3,Blastomyces,Blastomyces_dermatitidis
559298,Blastomyces gilchristii SLH14081,Blastomyces,Blastomyces_gilchristii
2060906,Blastomyces silverae,Blastomyces,Blastomyces_silverae
671144,Wallemia mellicola CBS 633.66,Wallemia,Wallemia_mellicola
294747,Candida tropicalis MYA-3404,Candida,Candida_tropicalis
1684307,Pseudomicrostroma glucosiphilum,Pseudomicrostroma,Pseudomicrostroma_glucosiphilum
55194,Malassezia furfur,Malassezia,Malassezia_furfur
1130832,Rhodotorula toruloides NP11,Rhodotorula,Rhodotorula_toruloides
52586,Erysiphe necator,Erysiphe,Erysiphe_necator
1245748,Aspergillus turcosus,Aspergillus,Aspergillus_turcosus
286112,Meira nashicola,Meira,Meira_nashicola
69771,Penicillium decumbens,Penicillium,Penicillium_decumbens
39397,Candida sake,Candida,Candida_sake
77020,Malassezia pachydermatis,Malassezia,Malassezia_pachydermatis
2562440,Byssochlamys sp. IMV 00045,Byssochlamys,Byssochlamys_sp
1928478,Aureobasidium sp. FSWF8-4,Aureobasidium,Aureobasidium_sp
5414,Erythrobasidium hasegawianum,Erythrobasidium,Erythrobasidium_hasegawianum
105696,Epicoccum nigrum,Epicoccum,Epicoccum_nigrum
306902,Clavispora lusitaniae ATCC 42720,Clavispora,Clavispora_lusitaniae
29901,Mrakia,Mrakia,Mrakia
45354,Candida intermedia,Candida,Candida_intermedia
5319,Irpex lacteus,Irpex,Irpex_lacteus
58627,Debaryomyces fabryi,Debaryomyces,Debaryomyces_fabryi
5579,Aureobasidium,Aureobasidium,Aureobasidium
1081108,Cordyceps confragosa RCEF 1005,Cordyceps,Cordyceps_confragosa
5052,Aspergillus,Aspergillus,Aspergillus
52249,Saturnispora silvae,Saturnispora,Saturnispora_silvae
1357677,Mucor racemosus B9645,Mucor,Mucor_racemosus
426428,Fusarium oxysporum f. sp. lycopersici 4287,Fusarium,Fusarium_oxysporum
2048672,Cladosporium sp. SL-16,Cladosporium,Cladosporium_sp
1365484,Penicillium roqueforti FM164,Penicillium,Penicillium_roqueforti
101091,Choanephora cucurbitarum,Choanephora,Choanephora_cucurbitarum
43958,Cephaloascus albidus,Cephaloascus,Cephaloascus_albidus
578459,Rhodotorula graminis WP1,Rhodotorula,Rhodotorula_graminis
683960,Wickerhamomyces anomalus NRRL Y-366-8,Wickerhamomyces,Wickerhamomyces_anomalus
508918,Ramichloridium luteum,Ramichloridium,Ramichloridium_luteum
122368,Cercospora beticola,Cercospora,Cercospora_beticola
1041607,Wickerhamomyces ciferrii,Wickerhamomyces,Wickerhamomyces_ciferrii
5516,Fusarium culmorum,Fusarium,Fusarium_culmorum
5506,Fusarium,Fusarium,Fusarium
945553,Hypholoma sublateritium FD-334 SS-4,Hypholoma,Hypholoma_sublateritium
1868926,Cercospora cf. flagellaris,Cercospora,Cercospora_cf_flagellaris
156630,Alternaria arborescens,Alternaria,Alternaria_arborescens
2593313,unclassified Penicillium,Penicillium,Penicillium
1170230,Penicillium digitatum Pd1,Penicillium,Penicillium_digitatum
1964301,Lecanicillium sp. MT-2017a,Lecanicillium,Lecanicillium_sp
5543,Trichoderma,Trichoderma,Trichoderma
215243,Exophiala oligosperma,Exophiala,Exophiala_oligosperma
33196,Botrytis,Botrytis,Botrytis
284591,Yarrowia lipolytica CLIB122,Yarrowia,Yarrowia_lipolytica
1160497,Aspergillus glaucus CBS 516.65,Aspergillus,Aspergillus_glaucus
1093900,Phialemoniopsis curvata,Phialemoniopsis,Phialemoniopsis_curvata
1196081,Talaromyces amestolkiae,Talaromyces,Talaromyces_amestolkiae
1043002,Aureobasidium pullulans EXF-150,Aureobasidium,Aureobasidium_pullulans
771870,Sordaria macrospora k-hell,Sordaria,Sordaria_macrospora
2153248,Aspergillus sp. MA 6041,Aspergillus,Aspergillus_sp
2080615,Eurotiomycetes sp. MA 6038,Eurotiomycetes,Eurotiomycetes_sp
1247836,Starmerella bacillaris,Starmerella,Starmerella_bacillaris
1388766,Aspergillus ruber CBS 135680,Aspergillus,Aspergillus_ruber
578458,Schizophyllum commune H4-8,Schizophyllum,Schizophyllum_commune
211096,Hanseniaspora opuntiae,Hanseniaspora,Hanseniaspora_opuntiae
2153245,Penicillium sp. MA 6036,Penicillium,Penicillium_sp
307758,Ustilago bromivora,Ustilago,Ustilago_bromivora
1295359,Pyrenochaeta sp. UM 256,Pyrenochaeta,Pyrenochaeta_sp
171627,Fusarium fujikuroi species complex,Fusarium,Fusarium_fujikuroi_species_complex
104416,Filobasidium wieringae,Filobasidium,Filobasidium_wieringae
2606521,unclassified Aspergillus,Aspergillus,Aspergillus
5306,Phanerochaete chrysosporium,Phanerochaete,Phanerochaete_chrysosporium
330879,Aspergillus fumigatus Af293,Aspergillus,Aspergillus_fumigatus
334819,Fusarium verticillioides 7600,Fusarium,Fusarium_verticillioides
100951,Naganishia albida,Naganishia,Naganishia_albida
4944,Saccharomycopsis fibuligera,Saccharomycopsis,Saccharomycopsis_fibuligera
671987,Exserohilum turcica Et28A,Exserohilum,Exserohilum_turcica
1381935,Malassezia equina,Malassezia,Malassezia_equina
29002,Cercospora,Cercospora,Cercospora
48255,Zygotorulaspora florentina,Zygotorulaspora,Zygotorulaspora_florentina
1168221,Coniosporium apollinis CBS 100218,Coniosporium,Coniosporium_apollinis
49331,Wickerhamiella pararugosa,Wickerhamiella,Wickerhamiella_pararugosa
1136231,Candida orthopsilosis Co 90-125,Candida,Candida_orthopsilosis
52253,Candida sojae,Candida,Candida_sojae
294746,Meyerozyma guilliermondii ATCC 6260,Meyerozyma,Meyerozyma_guilliermondii
1069680,Pneumocystis murina B123,Pneumocystis,Pneumocystis_murina