Feature ID	Taxon	kingdom	phylum	class	order	family	genus	species
G000001985	k__Fungi;p__Ascomycota;c__Eurotiomycetes;o__Eurotiales;f__Trichocomaceae;g__Talaromyces;s__Talaromyces_marneffei	Fungi	Ascomycota	Eurotiomycetes	Eurotiales	Trichocomaceae	Talaromyces	Talaromyces_marneffei
G000002495	k__Fungi;p__Ascomycota;c__Sordariomycetes;o__Magnaporthales;f__Pyriculariaceae;g__Pyricularia;s__Pyricularia_oryzae	Fungi	Ascomycota	Sordariomycetes	Magnaporthales	Pyriculariaceae	Pyricularia	Pyricularia_oryzae
G000002515	k__Fungi;p__Ascomycota;c__Saccharomycetes;o__Saccharomycetales;f__Saccharomycetaceae;g__Kluyveromyces;s__Kluyveromyces_lactis	Fungi	Ascomycota	Saccharomycetes	Saccharomycetales	Saccharomycetaceae	Kluyveromyces	Kluyveromyces_lactis
G000002525	k__Fungi;p__Ascomycota;c__Saccharomycetes;o__Saccharomycetales;f__Dipodascaceae;g__Yarrowia;s__Yarrowia_lipolytica	Fungi	Ascomycota	Saccharomycetes	Saccharomycetales	Dipodascaceae	Yarrowia	Yarrowia_lipolytica
G000002545	k__Fungi;p__Ascomycota;c__Saccharomycetes;o__Saccharomycetales;f__Saccharomycetaceae;g__Nakaseomyces;s__Candida_glabrata	Fungi	Ascomycota	Saccharomycetes	Saccharomycetales	Saccharomycetaceae	Nakaseomyces	Candida_glabrata
G000002655	k__Fungi;p__Ascomycota;c__Eurotiomycetes;o__Eurotiales;f__Aspergillaceae;g__Aspergillus;s__Aspergillus_fumigatus	Fungi	Ascomycota	Eurotiomycetes	Eurotiales	Aspergillaceae	Aspergillus	Aspergillus_fumigatus
G000002715	k__Fungi;p__Ascomycota;c__Eurotiomycetes;o__Eurotiales;f__Aspergillaceae;g__Aspergillus;s__Aspergillus_clavatus	Fungi	Ascomycota	Eurotiomycetes	Eurotiales	Aspergillaceae	Aspergillus	Aspergillus_clavatus
G000002855	k__Fungi;p__Ascomycota;c__Eurotiomycetes;o__Eurotiales;f__Aspergillaceae;g__Aspergillus;s__Aspergillus_niger	Fungi	Ascomycota	Eurotiomycetes	Eurotiales	Aspergillaceae	Aspergillus	Aspergillus_niger
G000002945	k__Fungi;p__Ascomycota;c__Schizosaccharomycetes;o__Schizosaccharomycetales;f__Schizosaccharomycetaceae;g__Schizosaccharomyces;s__Schizosaccharomyces_pombe	Fungi	Ascomycota	Schizosaccharomycetes	Schizosaccharomycetales	Schizosaccharomycetaceae	Schizosaccharomyces	Schizosaccharomyces_pombe
G000003125	k__Fungi;p__Ascomycota;c__Eurotiomycetes;o__Eurotiales;f__Trichocomaceae;g__Talaromyces;s__Talaromyces_stipitatus	Fungi	Ascomycota	Eurotiomycetes	Eurotiales	Trichocomaceae	Talaromyces	Talaromyces_stipitatus
G000003515	k__Fungi;p__Ascomycota;c__Eurotiomycetes;o__Onygenales;f__Onygenaceae;g__Uncinocarpus;s__Uncinocarpus_reesii	Fungi	Ascomycota	Eurotiomycetes	Onygenales	Onygenaceae	Uncinocarpus	Uncinocarpus_reesii
G000003835	k__Fungi;p__Ascomycota;c__Saccharomycetes;o__Saccharomycetales;f__Metschnikowiaceae;g__Clavispora;s__Clavispora_lusitaniae	Fungi	Ascomycota	Saccharomycetes	Saccharomycetales	Metschnikowiaceae	Clavispora	Clavispora_lusitaniae
G000003855	k__Fungi;p__Ascomycota;c__Eurotiomycetes;o__Onygenales;f__Ajellomycetaceae;g__Blastomyces;s__Blastomyces_gilchristii	Fungi	Ascomycota	Eurotiomycetes	Onygenales	Ajellomycetaceae	Blastomyces	Blastomyces_gilchristii
G000004155	k__Fungi;p__Ascomycota;c__Schizosaccharomycetes;o__Schizosaccharomycetales;f__Schizosaccharomycetaceae;g__Schizosaccharomyces;s__Schizosaccharomyces_cryophilus	Fungi	Ascomycota	Schizosaccharomycetes	Schizosaccharomycetales	Schizosaccharomycetaceae	Schizosaccharomyces	Schizosaccharomyces_cryophilus
G000006275	k__Fungi;p__Ascomycota;c__Eurotiomycetes;o__Eurotiales;f__Aspergillaceae;g__Aspergillus;s__Aspergillus_flavus	Fungi	Ascomycota	Eurotiomycetes	Eurotiales	Aspergillaceae	Aspergillus	Aspergillus_flavus
G000006335	k__Fungi;p__Ascomycota;c__Saccharomycetes;o__Saccharomycetales;f__Debaryomycetaceae;g__Candida;s__Candida_tropicalis	Fungi	Ascomycota	Saccharomycetes	Saccharomycetales	Debaryomycetaceae	Candida	Candida_tropicalis
G000006445	k__Fungi;p__Ascomycota;c__Saccharomycetes;o__Saccharomycetales;f__Debaryomycetaceae;g__Debaryomyces;s__Debaryomyces_hansenii	Fungi	Ascomycota	Saccharomycetes	Saccharomycetales	Debaryomycetaceae	Debaryomyces	Debaryomyces_hansenii
G000026365	k__Fungi;p__Ascomycota;c__Saccharomycetes;o__Saccharomycetales;f__Saccharomycetaceae;g__Zygosaccharomyces;s__Zygosaccharomyces_rouxii	Fungi	Ascomycota	Saccharomycetes	Saccharomycetales	Saccharomycetaceae	Zygosaccharomyces	Zygosaccharomyces_rouxii
G000026945	k__Fungi;p__Ascomycota;c__Saccharomycetes;o__Saccharomycetales;f__Debaryomycetaceae;g__Candida;s__Candida_dubliniensis	Fungi	Ascomycota	Saccharomycetes	Saccharomycetales	Debaryomycetaceae	Candida	Candida_dubliniensis
G000027005	k__Fungi;p__Ascomycota;c__Saccharomycetes;o__Saccharomycetales;f__Phaffomycetaceae;g__Komagataella;s__Komagataella_phaffii	Fungi	Ascomycota	Saccharomycetes	Saccharomycetales	Phaffomycetaceae	Komagataella	Komagataella_phaffii
G000091025	k__Fungi;p__Ascomycota;c__Saccharomycetes;o__Saccharomycetales;f__Saccharomycetaceae;g__Eremothecium;s__Eremothecium_gossypii	Fungi	Ascomycota	Saccharomycetes	Saccharomycetales	Saccharomycetaceae	Eremothecium	Eremothecium_gossypii
G000091045	k__Fungi;p__Basidiomycota;c__Tremellomycetes;o__Tremellales;f__Cryptococcaceae;g__Cryptococcus;s__Cryptococcus_neoformans	Fungi	Basidiomycota	Tremellomycetes	Tremellales	Cryptococcaceae	Cryptococcus	Cryptococcus_neoformans
G000091225	k__Fungi;p__Microsporidia;c__other;o__other;f__Unikaryonidae;g__Encephalitozoon;s__Encephalitozoon_cuniculi	Fungi	Microsporidia	other	other	Unikaryonidae	Encephalitozoon	Encephalitozoon_cuniculi
G000142805	k__Fungi;p__Ascomycota;c__Saccharomycetes;o__Saccharomycetales;f__Saccharomycetaceae;g__Lachancea;s__Lachancea_thermotolerans	Fungi	Ascomycota	Saccharomycetes	Saccharomycetales	Saccharomycetaceae	Lachancea	Lachancea_thermotolerans
G000143105	k__Fungi;p__Ascomycota;c__Sordariomycetes;o__Ophiostomatales;f__Ophiostomataceae;g__Grosmannia;s__Grosmannia_clavigera	Fungi	Ascomycota	Sordariomycetes	Ophiostomatales	Ophiostomataceae	Grosmannia	Grosmannia_clavigera
G000143185	k__Fungi;p__Basidiomycota;c__Agaricomycetes;o__Agaricales;f__Schizophyllaceae;g__Schizophyllum;s__Schizophyllum_commune	Fungi	Basidiomycota	Agaricomycetes	Agaricales	Schizophyllaceae	Schizophyllum	Schizophyllum_commune
G000143365	k__Fungi;p__Ascomycota;c__Sordariomycetes;o__Sordariales;f__Chaetomiaceae;g__Chaetomium;s__Chaetomium_globosum	Fungi	Ascomycota	Sordariomycetes	Sordariales	Chaetomiaceae	Chaetomium	Chaetomium_globosum
G000143535	k__Fungi;p__Ascomycota;c__Leotiomycetes;o__Helotiales;f__Sclerotiniaceae;g__Botrytis;s__Botrytis_cinerea	Fungi	Ascomycota	Leotiomycetes	Helotiales	Sclerotiniaceae	Botrytis	Botrytis_cinerea
G000143565	k__Fungi;p__Basidiomycota;c__Agaricomycetes;o__Agaricales;f__Tricholomataceae;g__Laccaria;s__Laccaria_bicolor	Fungi	Basidiomycota	Agaricomycetes	Agaricales	Tricholomataceae	Laccaria	Laccaria_bicolor
G000145635	k__Fungi;p__Ascomycota;c__Sordariomycetes;o__Magnaporthales;f__Magnaporthaceae;g__Gaeumannomyces;s__Gaeumannomyces_tritici	Fungi	Ascomycota	Sordariomycetes	Magnaporthales	Magnaporthaceae	Gaeumannomyces	Gaeumannomyces_tritici
G000146045	k__Fungi;p__Ascomycota;c__Saccharomycetes;o__Saccharomycetales;f__Saccharomycetaceae;g__Saccharomyces;s__Saccharomyces_cerevisiae	Fungi	Ascomycota	Saccharomycetes	Saccharomycetales	Saccharomycetaceae	Saccharomyces	Saccharomyces_cerevisiae
G000146465	k__Fungi;p__Microsporidia;c__other;o__other;f__Unikaryonidae;g__Encephalitozoon;s__Encephalitozoon_intestinalis	Fungi	Microsporidia	other	other	Unikaryonidae	Encephalitozoon	Encephalitozoon_intestinalis
G000146915	k__Fungi;p__Ascomycota;c__Dothideomycetes;o__Pleosporales;f__Phaeosphaeriaceae;g__Parastagonospora;s__Parastagonospora_nodorum	Fungi	Ascomycota	Dothideomycetes	Pleosporales	Phaeosphaeriaceae	Parastagonospora	Parastagonospora_nodorum
G000146945	k__Fungi;p__Ascomycota;c__Leotiomycetes;o__Helotiales;f__Sclerotiniaceae;g__Sclerotinia;s__Sclerotinia_sclerotiorum	Fungi	Ascomycota	Leotiomycetes	Helotiales	Sclerotiniaceae	Sclerotinia	Sclerotinia_sclerotiorum
G000149035	k__Fungi;p__Ascomycota;c__Sordariomycetes;o__Glomerellales;f__Glomerellaceae;g__Colletotrichum;s__Colletotrichum_graminicola	Fungi	Ascomycota	Sordariomycetes	Glomerellales	Glomerellaceae	Colletotrichum	Colletotrichum_graminicola
G000149205	k__Fungi;p__Ascomycota;c__Eurotiomycetes;o__Eurotiales;f__Aspergillaceae;g__Aspergillus;s__Aspergillus_nidulans	Fungi	Ascomycota	Eurotiomycetes	Eurotiales	Aspergillaceae	Aspergillus	Aspergillus_nidulans
G000149335	k__Fungi;p__Ascomycota;c__Eurotiomycetes;o__Onygenales;f__other;g__Coccidioides;s__Coccidioides_immitis	Fungi	Ascomycota	Eurotiomycetes	Onygenales	other	Coccidioides	Coccidioides_immitis
G000149425	k__Fungi;p__Ascomycota;c__Saccharomycetes;o__Saccharomycetales;f__Debaryomycetaceae;g__Meyerozyma;s__Meyerozyma_guilliermondii	Fungi	Ascomycota	Saccharomycetes	Saccharomycetales	Debaryomycetaceae	Meyerozyma	Meyerozyma_guilliermondii
G000149555	k__Fungi;p__Ascomycota;c__Sordariomycetes;o__Hypocreales;f__Nectriaceae;g__Fusarium;s__Fusarium_verticillioides	Fungi	Ascomycota	Sordariomycetes	Hypocreales	Nectriaceae	Fusarium	Fusarium_verticillioides
G000149585	k__Fungi;p__Ascomycota;c__Eurotiomycetes;o__Onygenales;f__Ajellomycetaceae;g__Histoplasma;s__Histoplasma_capsulatum	Fungi	Ascomycota	Eurotiomycetes	Onygenales	Ajellomycetaceae	Histoplasma	Histoplasma_capsulatum
G000149615	k__Fungi;p__Ascomycota;c__Eurotiomycetes;o__Eurotiales;f__Aspergillaceae;g__Aspergillus;s__Aspergillus_terreus	Fungi	Ascomycota	Eurotiomycetes	Eurotiales	Aspergillaceae	Aspergillus	Aspergillus_terreus
G000149645	k__Fungi;p__Ascomycota;c__Eurotiomycetes;o__Eurotiales;f__Aspergillaceae;g__Aspergillus;s__Aspergillus_fischeri	Fungi	Ascomycota	Eurotiomycetes	Eurotiales	Aspergillaceae	Aspergillus	Aspergillus_fischeri
G000149685	k__Fungi;p__Ascomycota;c__Saccharomycetes;o__Saccharomycetales;f__Debaryomycetaceae;g__Lodderomyces;s__Lodderomyces_elongisporus	Fungi	Ascomycota	Saccharomycetes	Saccharomycetales	Debaryomycetaceae	Lodderomyces	Lodderomyces_elongisporus
G000149845	k__Fungi;p__Ascomycota;c__Schizosaccharomycetes;o__Schizosaccharomycetales;f__Schizosaccharomycetaceae;g__Schizosaccharomyces;s__Schizosaccharomyces_japonicus	Fungi	Ascomycota	Schizosaccharomycetes	Schizosaccharomycetales	Schizosaccharomycetaceae	Schizosaccharomyces	Schizosaccharomyces_japonicus
G000149925	k__Fungi;p__Basidiomycota;c__Pucciniomycetes;o__Pucciniales;f__Pucciniaceae;g__Puccinia;s__Puccinia_graminis	Fungi	Basidiomycota	Pucciniomycetes	Pucciniales	Pucciniaceae	Puccinia	Puccinia_graminis
G000149955	k__Fungi;p__Ascomycota;c__Sordariomycetes;o__Hypocreales;f__Nectriaceae;g__Fusarium;s__Fusarium_oxysporum	Fungi	Ascomycota	Sordariomycetes	Hypocreales	Nectriaceae	Fusarium	Fusarium_oxysporum
G000149985	k__Fungi;p__Ascomycota;c__Dothideomycetes;o__Pleosporales;f__Pleosporaceae;g__Pyrenophora;s__Pyrenophora_tritici-repentis	Fungi	Ascomycota	Dothideomycetes	Pleosporales	Pleosporaceae	Pyrenophora	Pyrenophora_tritici-repentis
G000150035	k__Fungi;p__Ascomycota;c__Saccharomycetes;o__Saccharomycetales;f__Saccharomycetaceae;g__Vanderwaltozyma;s__Vanderwaltozyma_polyspora	Fungi	Ascomycota	Saccharomycetes	Saccharomycetales	Saccharomycetaceae	Vanderwaltozyma	Vanderwaltozyma_polyspora
G000150505	k__Fungi;p__Ascomycota;c__Schizosaccharomycetes;o__Schizosaccharomycetales;f__Schizosaccharomycetaceae;g__Schizosaccharomyces;s__Schizosaccharomyces_octosporus	Fungi	Ascomycota	Schizosaccharomycetes	Schizosaccharomycetales	Schizosaccharomycetaceae	Schizosaccharomyces	Schizosaccharomyces_octosporus
G000150675	k__Fungi;p__Ascomycota;c__Sordariomycetes;o__Glomerellales;f__Plectosphaerellaceae;g__Verticillium;s__Verticillium_dahliae	Fungi	Ascomycota	Sordariomycetes	Glomerellales	Plectosphaerellaceae	Verticillium	Verticillium_dahliae
G000150705	k__Fungi;p__Ascomycota;c__Eurotiomycetes;o__Onygenales;f__other;g__Paracoccidioides;s__Paracoccidioides_lutzii	Fungi	Ascomycota	Eurotiomycetes	Onygenales	other	Paracoccidioides	Paracoccidioides_lutzii
G000150735	k__Fungi;p__Ascomycota;c__Eurotiomycetes;o__Onygenales;f__other;g__Paracoccidioides;s__Paracoccidioides_brasiliensis	Fungi	Ascomycota	Eurotiomycetes	Onygenales	other	Paracoccidioides	Paracoccidioides_brasiliensis
G000150825	k__Fungi;p__Ascomycota;c__Sordariomycetes;o__Glomerellales;f__Plectosphaerellaceae;g__Verticillium;s__Verticillium_alfalfae	Fungi	Ascomycota	Sordariomycetes	Glomerellales	Plectosphaerellaceae	Verticillium	Verticillium_alfalfae
G000150975	k__Fungi;p__Ascomycota;c__Eurotiomycetes;o__Onygenales;f__Arthrodermataceae;g__Nannizzia;s__Nannizzia_gypsea	Fungi	Ascomycota	Eurotiomycetes	Onygenales	Arthrodermataceae	Nannizzia	Nannizzia_gypsea
G000151125	k__Fungi;p__Ascomycota;c__Eurotiomycetes;o__Onygenales;f__Arthrodermataceae;g__Trichophyton;s__Trichophyton_benhamiae	Fungi	Ascomycota	Eurotiomycetes	Onygenales	Arthrodermataceae	Trichophyton	Trichophyton_benhamiae
G000151145	k__Fungi;p__Ascomycota;c__Eurotiomycetes;o__Onygenales;f__Arthrodermataceae;g__Microsporum;s__Microsporum_canis	Fungi	Ascomycota	Eurotiomycetes	Onygenales	Arthrodermataceae	Microsporum	Microsporum_canis
G000151335	k__Fungi;p__Ascomycota;c__Eurotiomycetes;o__Onygenales;f__other;g__Coccidioides;s__Coccidioides_posadasii	Fungi	Ascomycota	Eurotiomycetes	Onygenales	other	Coccidioides	Coccidioides_posadasii
G000151355	k__Fungi;p__Ascomycota;c__Sordariomycetes;o__Hypocreales;f__Nectriaceae;g__Fusarium;s__Nectria_haematococca	Fungi	Ascomycota	Sordariomycetes	Hypocreales	Nectriaceae	Fusarium	Nectria_haematococca
G000151425	k__Fungi;p__Ascomycota;c__Eurotiomycetes;o__Onygenales;f__Arthrodermataceae;g__Trichophyton;s__Trichophyton_rubrum	Fungi	Ascomycota	Eurotiomycetes	Onygenales	Arthrodermataceae	Trichophyton	Trichophyton_rubrum
G000151505	k__Fungi;p__Ascomycota;c__Eurotiomycetes;o__Onygenales;f__Arthrodermataceae;g__Trichophyton;s__Trichophyton_verrucosum	Fungi	Ascomycota	Eurotiomycetes	Onygenales	Arthrodermataceae	Trichophyton	Trichophyton_verrucosum
G000151645	k__Fungi;p__Ascomycota;c__Pezizomycetes;o__Pezizales;f__Tuberaceae;g__Tuber;s__Tuber_melanosporum	Fungi	Ascomycota	Pezizomycetes	Pezizales	Tuberaceae	Tuber	Tuber_melanosporum
G000167675	k__Fungi;p__Ascomycota;c__Sordariomycetes;o__Hypocreales;f__Hypocreaceae;g__Trichoderma;s__Trichoderma_reesei	Fungi	Ascomycota	Sordariomycetes	Hypocreales	Hypocreaceae	Trichoderma	Trichoderma_reesei
G000170995	k__Fungi;p__Ascomycota;c__Sordariomycetes;o__Hypocreales;f__Hypocreaceae;g__Trichoderma;s__Trichoderma_virens	Fungi	Ascomycota	Sordariomycetes	Hypocreales	Hypocreaceae	Trichoderma	Trichoderma_virens
G000171015	k__Fungi;p__Ascomycota;c__Sordariomycetes;o__Hypocreales;f__Hypocreaceae;g__Trichoderma;s__Trichoderma_atroviride	Fungi	Ascomycota	Sordariomycetes	Hypocreales	Hypocreaceae	Trichoderma	Trichoderma_atroviride
G000181695	k__Fungi;p__Basidiomycota;c__Malasseziomycetes;o__Malasseziales;f__Malasseziaceae;g__Malassezia;s__Malassezia_globosa	Fungi	Basidiomycota	Malasseziomycetes	Malasseziales	Malasseziaceae	Malassezia	Malassezia_globosa
G000182565	k__Fungi;p__Chytridiomycota;c__Chytridiomycetes;o__Spizellomycetales;f__Spizellomycetaceae;g__Spizellomyces;s__Spizellomyces_punctatus	Fungi	Chytridiomycota	Chytridiomycetes	Spizellomycetales	Spizellomycetaceae	Spizellomyces	Spizellomyces_punctatus
G000182805	k__Fungi;p__Ascomycota;c__Sordariomycetes;o__Sordariales;f__Sordariaceae;g__Sordaria;s__Sordaria_macrospora	Fungi	Ascomycota	Sordariomycetes	Sordariales	Sordariaceae	Sordaria	Sordaria_macrospora
G000182895	k__Fungi;p__Basidiomycota;c__Agaricomycetes;o__Agaricales;f__Psathyrellaceae;g__Coprinopsis;s__Coprinopsis_cinerea	Fungi	Basidiomycota	Agaricomycetes	Agaricales	Psathyrellaceae	Coprinopsis	Coprinopsis_cinerea
G000182925	k__Fungi;p__Ascomycota;c__Sordariomycetes;o__Sordariales;f__Sordariaceae;g__Neurospora;s__Neurospora_crassa	Fungi	Ascomycota	Sordariomycetes	Sordariales	Sordariaceae	Neurospora	Neurospora_crassa
G000182965	k__Fungi;p__Ascomycota;c__Saccharomycetes;o__Saccharomycetales;f__Debaryomycetaceae;g__Candida;s__Candida_albicans	Fungi	Ascomycota	Saccharomycetes	Saccharomycetales	Debaryomycetaceae	Candida	Candida_albicans
G000184455	k__Fungi;p__Ascomycota;c__Eurotiomycetes;o__Eurotiales;f__Aspergillaceae;g__Aspergillus;s__Aspergillus_oryzae	Fungi	Ascomycota	Eurotiomycetes	Eurotiales	Aspergillaceae	Aspergillus	Aspergillus_oryzae
G000185945	k__Fungi;p__Basidiomycota;c__Tremellomycetes;o__Tremellales;f__Cryptococcaceae;g__Cryptococcus;s__Cryptococcus_gattii_VGI	Fungi	Basidiomycota	Tremellomycetes	Tremellales	Cryptococcaceae	Cryptococcus	Cryptococcus_gattii_VGI
G000187245	k__Fungi;p__Ascomycota;c__Saccharomycetes;o__Saccharomycetales;f__Pichiaceae;g__Ogataea;s__Ogataea_parapolymorpha	Fungi	Ascomycota	Saccharomycetes	Saccharomycetales	Pichiaceae	Ogataea	Ogataea_parapolymorpha
G000187405	k__Fungi;p__Ascomycota;c__Sordariomycetes;o__Hypocreales;f__Clavicipitaceae;g__Metarhizium;s__Metarhizium_acridum	Fungi	Ascomycota	Sordariomycetes	Hypocreales	Clavicipitaceae	Metarhizium	Metarhizium_acridum
G000187425	k__Fungi;p__Ascomycota;c__Sordariomycetes;o__Hypocreales;f__Clavicipitaceae;g__Metarhizium;s__Metarhizium_robertsii	Fungi	Ascomycota	Sordariomycetes	Hypocreales	Clavicipitaceae	Metarhizium	Metarhizium_robertsii
G000192795	k__Fungi;p__Microsporidia;c__other;o__other;f__Pleistophoridae;g__Vavraia;s__Vavraia_culicis	Fungi	Microsporidia	other	other	Pleistophoridae	Vavraia	Vavraia_culicis
G000203795	k__Fungi;p__Chytridiomycota;c__Chytridiomycetes;o__Rhizophydiales;f__other;g__Batrachochytrium;s__Batrachochytrium_dendrobatidis	Fungi	Chytridiomycota	Chytridiomycetes	Rhizophydiales	other	Batrachochytrium	Batrachochytrium_dendrobatidis
G000204055	k__Fungi;p__Basidiomycota;c__Pucciniomycetes;o__Pucciniales;f__Melampsoraceae;g__Melampsora;s__Melampsora_larici-populina	Fungi	Basidiomycota	Pucciniomycetes	Pucciniales	Melampsoraceae	Melampsora	Melampsora_larici-populina
G000209165	k__Fungi;p__Ascomycota;c__Saccharomycetes;o__Saccharomycetales;f__Debaryomycetaceae;g__Scheffersomyces;s__Scheffersomyces_stipitis	Fungi	Ascomycota	Saccharomycetes	Saccharomycetales	Debaryomycetaceae	Scheffersomyces	Scheffersomyces_stipitis
G000213175	k__Fungi;p__Ascomycota;c__Sordariomycetes;o__Sordariales;f__Sordariaceae;g__Neurospora;s__Neurospora_tetrasperma	Fungi	Ascomycota	Sordariomycetes	Sordariales	Sordariaceae	Neurospora	Neurospora_tetrasperma
G000218685	k__Fungi;p__Basidiomycota;c__Agaricomycetes;o__Boletales;f__Serpulaceae;g__Serpula;s__Serpula_lacrymans	Fungi	Basidiomycota	Agaricomycetes	Boletales	Serpulaceae	Serpula	Serpula_lacrymans
G000219625	k__Fungi;p__Ascomycota;c__Dothideomycetes;o__Mycosphaerellales;f__Mycosphaerellaceae;g__Zymoseptoria;s__Zymoseptoria_tritici	Fungi	Ascomycota	Dothideomycetes	Mycosphaerellales	Mycosphaerellaceae	Zymoseptoria	Zymoseptoria_tritici
G000221225	k__Fungi;p__Ascomycota;c__Sordariomycetes;o__Sordariales;f__Chaetomiaceae;g__Chaetomium;s__Chaetomium_thermophilum	Fungi	Ascomycota	Sordariomycetes	Sordariales	Chaetomiaceae	Chaetomium	Chaetomium_thermophilum
G000223465	k__Fungi;p__Ascomycota;c__Saccharomycetes;o__Saccharomycetales;f__Debaryomycetaceae;g__Yamadazyma;s__Yamadazyma_tenuis	Fungi	Ascomycota	Saccharomycetes	Saccharomycetales	Debaryomycetaceae	Yamadazyma	Yamadazyma_tenuis
G000223485	k__Fungi;p__Ascomycota;c__Saccharomycetes;o__Saccharomycetales;f__Debaryomycetaceae;g__Spathaspora;s__Spathaspora_passalidarum	Fungi	Ascomycota	Saccharomycetes	Saccharomycetales	Debaryomycetaceae	Spathaspora	Spathaspora_passalidarum
G000225545	k__Fungi;p__Ascomycota;c__Orbiliomycetes;o__Orbiliales;f__Orbiliaceae;g__Arthrobotrys;s__Arthrobotrys_oligospora	Fungi	Ascomycota	Orbiliomycetes	Orbiliales	Orbiliaceae	Arthrobotrys	Arthrobotrys_oligospora
G000225605	k__Fungi;p__Ascomycota;c__Sordariomycetes;o__Hypocreales;f__Cordycipitaceae;g__Cordyceps;s__Cordyceps_militaris	Fungi	Ascomycota	Sordariomycetes	Hypocreales	Cordycipitaceae	Cordyceps	Cordyceps_militaris
G000226095	k__Fungi;p__Ascomycota;c__Sordariomycetes;o__Sordariales;f__Chaetomiaceae;g__Thermothelomyces;s__Thermothelomyces_thermophilus	Fungi	Ascomycota	Sordariomycetes	Sordariales	Chaetomiaceae	Thermothelomyces	Thermothelomyces_thermophilus
G000226115	k__Fungi;p__Ascomycota;c__Sordariomycetes;o__Sordariales;f__Chaetomiaceae;g__Thermothielavioides;s__Thermothielavioides_terrestris	Fungi	Ascomycota	Sordariomycetes	Sordariales	Chaetomiaceae	Thermothielavioides	Thermothielavioides_terrestris
G000226395	k__Fungi;p__Ascomycota;c__Eurotiomycetes;o__Eurotiales;f__Aspergillaceae;g__Penicillium;s__Penicillium_rubens	Fungi	Ascomycota	Eurotiomycetes	Eurotiales	Aspergillaceae	Penicillium	Penicillium_rubens
G000226545	k__Fungi;p__Ascomycota;c__Sordariomycetes;o__Sordariales;f__Chaetomiaceae;g__Podospora;s__Podospora_anserina	Fungi	Ascomycota	Sordariomycetes	Sordariales	Chaetomiaceae	Podospora	Podospora_anserina
G000227115	k__Fungi;p__Ascomycota;c__Saccharomycetes;o__Saccharomycetales;f__Saccharomycetaceae;g__Naumovozyma;s__Naumovozyma_dairenensis	Fungi	Ascomycota	Saccharomycetes	Saccharomycetales	Saccharomycetaceae	Naumovozyma	Naumovozyma_dairenensis
G000230375	k__Fungi;p__Ascomycota;c__Dothideomycetes;o__Pleosporales;f__Leptosphaeriaceae;g__Leptosphaeria;s__Leptosphaeria_maculans	Fungi	Ascomycota	Dothideomycetes	Pleosporales	Leptosphaeriaceae	Leptosphaeria	Leptosphaeria_maculans
G000230625	k__Fungi;p__Ascomycota;c__Eurotiomycetes;o__Chaetothyriales;f__Herpotrichiellaceae;g__Exophiala;s__Exophiala_dermatitidis	Fungi	Ascomycota	Eurotiomycetes	Chaetothyriales	Herpotrichiellaceae	Exophiala	Exophiala_dermatitidis
G000231115	k__Fungi;p__Microsporidia;c__other;o__other;f__Nosematidae;g__Vittaforma;s__Vittaforma_corneae	Fungi	Microsporidia	other	other	Nosematidae	Vittaforma	Vittaforma_corneae
G000235365	k__Fungi;p__Ascomycota;c__Saccharomycetes;o__Saccharomycetales;f__Saccharomycetaceae;g__Eremothecium;s__Eremothecium_cymbalariae	Fungi	Ascomycota	Saccharomycetes	Saccharomycetales	Saccharomycetaceae	Eremothecium	Eremothecium_cymbalariae
G000236905	k__Fungi;p__Ascomycota;c__Saccharomycetes;o__Saccharomycetales;f__Saccharomycetaceae;g__Tetrapisispora;s__Tetrapisispora_phaffii	Fungi	Ascomycota	Saccharomycetes	Saccharomycetales	Saccharomycetaceae	Tetrapisispora	Tetrapisispora_phaffii
G000237345	k__Fungi;p__Ascomycota;c__Saccharomycetes;o__Saccharomycetales;f__Saccharomycetaceae;g__Naumovozyma;s__Naumovozyma_castellii	Fungi	Ascomycota	Saccharomycetes	Saccharomycetales	Saccharomycetaceae	Naumovozyma	Naumovozyma_castellii
G000240135	k__Fungi;p__Ascomycota;c__Sordariomycetes;o__Hypocreales;f__Nectriaceae;g__Fusarium;s__Fusarium_graminearum	Fungi	Ascomycota	Sordariomycetes	Hypocreales	Nectriaceae	Fusarium	Fusarium_graminearum
G000243375	k__Fungi;p__Ascomycota;c__Saccharomycetes;o__Saccharomycetales;f__Saccharomycetaceae;g__Torulaspora;s__Torulaspora_delbrueckii	Fungi	Ascomycota	Saccharomycetes	Saccharomycetales	Saccharomycetaceae	Torulaspora	Torulaspora_delbrueckii
G000250985	k__Fungi;p__Microsporidia;c__other;o__other;f__other;g__Nematocida;s__Nematocida_parisii	Fungi	Microsporidia	other	other	other	Nematocida	Nematocida_parisii
G000263375	k__Fungi;p__Basidiomycota;c__Wallemiomycetes;o__Wallemiales;f__Wallemiaceae;g__Wallemia;s__Wallemia_mellicola	Fungi	Basidiomycota	Wallemiomycetes	Wallemiales	Wallemiaceae	Wallemia	Wallemia_mellicola
G000264905	k__Fungi;p__Basidiomycota;c__Agaricomycetes;o__Russulales;f__Stereaceae;g__Stereum;s__Stereum_hirsutum	Fungi	Basidiomycota	Agaricomycetes	Russulales	Stereaceae	Stereum	Stereum_hirsutum
G000264995	k__Fungi;p__Basidiomycota;c__Agaricomycetes;o__Corticiales;f__Punctulariaceae;g__Punctularia;s__Punctularia_strigosozonata	Fungi	Basidiomycota	Agaricomycetes	Corticiales	Punctulariaceae	Punctularia	Punctularia_strigosozonata
G000271585	k__Fungi;p__Basidiomycota;c__Agaricomycetes;o__Polyporales;f__Polyporaceae;g__Trametes;s__Trametes_versicolor	Fungi	Basidiomycota	Agaricomycetes	Polyporales	Polyporaceae	Trametes	Trametes_versicolor
G000271605	k__Fungi;p__Basidiomycota;c__Agaricomycetes;o__Hymenochaetales;f__Hymenochaetaceae;g__Fomitiporia;s__Fomitiporia_mediterranea	Fungi	Basidiomycota	Agaricomycetes	Hymenochaetales	Hymenochaetaceae	Fomitiporia	Fomitiporia_mediterranea
G000271625	k__Fungi;p__Basidiomycota;c__Agaricomycetes;o__Boletales;f__Coniophoraceae;g__Coniophora;s__Coniophora_puteana	Fungi	Basidiomycota	Agaricomycetes	Boletales	Coniophoraceae	Coniophora	Coniophora_puteana
G000271645	k__Fungi;p__Basidiomycota;c__Tremellomycetes;o__Tremellales;f__Tremellaceae;g__Tremella;s__Tremella_mesenterica	Fungi	Basidiomycota	Tremellomycetes	Tremellales	Tremellaceae	Tremella	Tremella_mesenterica
G000275845	k__Fungi;p__Basidiomycota;c__Agaricomycetes;o__Polyporales;f__Polyporaceae;g__Dichomitus;s__Dichomitus_squalens	Fungi	Basidiomycota	Agaricomycetes	Polyporales	Polyporaceae	Dichomitus	Dichomitus_squalens
G000277815	k__Fungi;p__Microsporidia;c__other;o__other;f__Unikaryonidae;g__Encephalitozoon;s__Encephalitozoon_hellem	Fungi	Microsporidia	other	other	Unikaryonidae	Encephalitozoon	Encephalitozoon_hellem
G000280035	k__Fungi;p__Microsporidia;c__other;o__other;f__Unikaryonidae;g__Encephalitozoon;s__Encephalitozoon_romaleae	Fungi	Microsporidia	other	other	Unikaryonidae	Encephalitozoon	Encephalitozoon_romaleae
G000280675	k__Fungi;p__Ascomycota;c__Sordariomycetes;o__Hypocreales;f__Cordycipitaceae;g__Beauveria;s__Beauveria_bassiana	Fungi	Ascomycota	Sordariomycetes	Hypocreales	Cordycipitaceae	Beauveria	Beauveria_bassiana
G000281105	k__Fungi;p__Ascomycota;c__Dothideomycetes;o__other;f__other;g__Bonordeniella;s__Coniosporium_apollinis	Fungi	Ascomycota	Dothideomycetes	other	other	Bonordeniella	Coniosporium_apollinis
G000293215	k__Fungi;p__Basidiomycota;c__Tremellomycetes;o__Trichosporonales;f__Trichosporonaceae;g__Trichosporon;s__Trichosporon_asahii	Fungi	Basidiomycota	Tremellomycetes	Trichosporonales	Trichosporonaceae	Trichosporon	Trichosporon_asahii
G000298775	k__Fungi;p__Ascomycota;c__Leotiomycetes;o__Helotiales;f__Dermateaceae;g__Marssonina;s__Marssonina_brunnea	Fungi	Ascomycota	Leotiomycetes	Helotiales	Dermateaceae	Marssonina	Marssonina_brunnea
G000300575	k__Fungi;p__Basidiomycota;c__Agaricomycetes;o__Agaricales;f__Agaricaceae;g__Agaricus;s__Agaricus_bisporus	Fungi	Basidiomycota	Agaricomycetes	Agaricales	Agaricaceae	Agaricus	Agaricus_bisporus
G000300595	k__Fungi;p__Basidiomycota;c__Agaricomycetes;o__Polyporales;f__Phanerochaetaceae;g__Phanerochaete;s__Phanerochaete_carnosa	Fungi	Basidiomycota	Agaricomycetes	Polyporales	Phanerochaetaceae	Phanerochaete	Phanerochaete_carnosa
G000303195	k__Fungi;p__Ascomycota;c__Sordariomycetes;o__Hypocreales;f__Nectriaceae;g__Fusarium;s__Fusarium_pseudograminearum	Fungi	Ascomycota	Sordariomycetes	Hypocreales	Nectriaceae	Fusarium	Fusarium_pseudograminearum
G000304475	k__Fungi;p__Ascomycota;c__Saccharomycetes;o__Saccharomycetales;f__Saccharomycetaceae;g__Kazachstania;s__Kazachstania_africana	Fungi	Ascomycota	Saccharomycetes	Saccharomycetales	Saccharomycetaceae	Kazachstania	Kazachstania_africana
G000313485	k__Fungi;p__Ascomycota;c__Saccharomycetes;o__Saccharomycetales;f__Phaffomycetaceae;g__Wickerhamomyces;s__Wickerhamomyces_ciferrii	Fungi	Ascomycota	Saccharomycetes	Saccharomycetales	Phaffomycetaceae	Wickerhamomyces	Wickerhamomyces_ciferrii
G000313525	k__Fungi;p__Basidiomycota;c__Agaricomycetes;o__Polyporales;f__other;g__Fibroporia;s__Fibroporia_radiculosa	Fungi	Basidiomycota	Agaricomycetes	Polyporales	other	Fibroporia	Fibroporia_radiculosa
G000315645	k__Fungi;p__Ascomycota;c__Eurotiomycetes;o__Eurotiales;f__Aspergillaceae;g__Penicillium;s__Penicillium_digitatum	Fungi	Ascomycota	Eurotiomycetes	Eurotiales	Aspergillaceae	Penicillium	Penicillium_digitatum
G000315875	k__Fungi;p__Ascomycota;c__Saccharomycetes;o__Saccharomycetales;f__Debaryomycetaceae;g__Candida;s__Candida_orthopsilosis	Fungi	Ascomycota	Saccharomycetes	Saccharomycetales	Debaryomycetaceae	Candida	Candida_orthopsilosis
G000315915	k__Fungi;p__Ascomycota;c__Saccharomycetes;o__Saccharomycetales;f__Saccharomycetaceae;g__Tetrapisispora;s__Tetrapisispora_blattae	Fungi	Ascomycota	Saccharomycetes	Saccharomycetales	Saccharomycetaceae	Tetrapisispora	Tetrapisispora_blattae
G000320565	k__Fungi;p__Ascomycota;c__Dothideomycetes;o__Mycosphaerellales;f__Mycosphaerellaceae;g__Sphaerulina;s__Sphaerulina_musiva	Fungi	Ascomycota	Dothideomycetes	Mycosphaerellales	Mycosphaerellaceae	Sphaerulina	Sphaerulina_musiva
G000320585	k__Fungi;p__Basidiomycota;c__Agaricomycetes;o__Russulales;f__Bondarzewiaceae;g__Heterobasidion;s__Heterobasidion_irregulare	Fungi	Basidiomycota	Agaricomycetes	Russulales	Bondarzewiaceae	Heterobasidion	Heterobasidion_irregulare
G000320785	k__Fungi;p__Basidiomycota;c__Microbotryomycetes;o__Sporidiobolales;f__Sporidiobolaceae;g__Rhodotorula;s__Rhodotorula_toruloides	Fungi	Basidiomycota	Microbotryomycetes	Sporidiobolales	Sporidiobolaceae	Rhodotorula	Rhodotorula_toruloides
G000328475	k__Fungi;p__Basidiomycota;c__Ustilaginomycetes;o__Ustilaginales;f__Ustilaginaceae;g__Ustilago;s__Ustilago_maydis	Fungi	Basidiomycota	Ustilaginomycetes	Ustilaginales	Ustilaginaceae	Ustilago	Ustilago_maydis
G000338955	k__Fungi;p__Ascomycota;c__Dothideomycetes;o__Mycosphaerellales;f__Teratosphaeriaceae;g__Baudoinia;s__Baudoinia_panamericana	Fungi	Ascomycota	Dothideomycetes	Mycosphaerellales	Teratosphaeriaceae	Baudoinia	Baudoinia_panamericana
G000338995	k__Fungi;p__Ascomycota;c__Dothideomycetes;o__Pleosporales;f__Pleosporaceae;g__Bipolaris;s__Bipolaris_sorokiniana	Fungi	Ascomycota	Dothideomycetes	Pleosporales	Pleosporaceae	Bipolaris	Bipolaris_sorokiniana
G000340215	k__Fungi;p__Ascomycota;c__Dothideomycetes;o__Mycosphaerellales;f__Mycosphaerellaceae;g__Pseudocercospora;s__Pseudocercospora_fijiensis	Fungi	Ascomycota	Dothideomycetes	Mycosphaerellales	Mycosphaerellaceae	Pseudocercospora	Pseudocercospora_fijiensis
G000344685	k__Fungi;p__Basidiomycota;c__Agaricomycetes;o__Gloeophyllales;f__Gloeophyllaceae;g__Gloeophyllum;s__Gloeophyllum_trabeum	Fungi	Basidiomycota	Agaricomycetes	Gloeophyllales	Gloeophyllaceae	Gloeophyllum	Gloeophyllum_trabeum
G000348985	k__Fungi;p__Ascomycota;c__Saccharomycetes;o__Saccharomycetales;f__Saccharomycetaceae;g__Kazachstania;s__Kazachstania_naganishii	Fungi	Ascomycota	Saccharomycetes	Saccharomycetales	Saccharomycetaceae	Kazachstania	Kazachstania_naganishii
G000349005	k__Fungi;p__Ascomycota;c__Pneumocystidomycetes;o__Pneumocystidales;f__Pneumocystidaceae;g__Pneumocystis;s__Pneumocystis_murina	Fungi	Ascomycota	Pneumocystidomycetes	Pneumocystidales	Pneumocystidaceae	Pneumocystis	Pneumocystis_murina
G000349305	k__Fungi;p__Basidiomycota;c__Malasseziomycetes;o__Malasseziales;f__Malasseziaceae;g__Malassezia;s__Malassezia_sympodialis	Fungi	Basidiomycota	Malasseziomycetes	Malasseziales	Malasseziaceae	Malassezia	Malassezia_sympodialis
G000354255	k__Fungi;p__Ascomycota;c__Dothideomycetes;o__Pleosporales;f__Pleosporaceae;g__Bipolaris;s__Bipolaris_maydis	Fungi	Ascomycota	Dothideomycetes	Pleosporales	Pleosporaceae	Bipolaris	Bipolaris_maydis
G000359705	k__Fungi;p__Ascomycota;c__Dothideomycetes;o__Pleosporales;f__Pleosporaceae;g__Exserohilum;s__Exserohilum_turcicum	Fungi	Ascomycota	Dothideomycetes	Pleosporales	Pleosporaceae	Exserohilum	Exserohilum_turcicum
G000365145	k__Fungi;p__Ascomycota;c__Eurotiomycetes;o__Chaetothyriales;f__Cyphellophoraceae;g__Cyphellophora;s__Cyphellophora_europaea	Fungi	Ascomycota	Eurotiomycetes	Chaetothyriales	Cyphellophoraceae	Cyphellophora	Cyphellophora_europaea
G000365165	k__Fungi;p__Ascomycota;c__Eurotiomycetes;o__Chaetothyriales;f__Herpotrichiellaceae;g__Cladophialophora;s__Cladophialophora_carrionii	Fungi	Ascomycota	Eurotiomycetes	Chaetothyriales	Herpotrichiellaceae	Cladophialophora	Cladophialophora_carrionii
G000392275	k__Fungi;p__Ascomycota;c__Sordariomycetes;o__Togniniales;f__Togniniaceae;g__Phaeoacremonium;s__Phaeoacremonium_minimum	Fungi	Ascomycota	Sordariomycetes	Togniniales	Togniniaceae	Phaeoacremonium	Phaeoacremonium_minimum
G000400465	k__Fungi;p__Basidiomycota;c__Wallemiomycetes;o__Wallemiales;f__Wallemiaceae;g__Wallemia;s__Wallemia_ichthyophaga	Fungi	Basidiomycota	Wallemiomycetes	Wallemiales	Wallemiaceae	Wallemia	Wallemia_ichthyophaga
G000403515	k__Fungi;p__Basidiomycota;c__Ustilaginomycetes;o__Ustilaginales;f__Ustilaginaceae;g__Pseudozyma;s__Pseudozyma_hubeiensis	Fungi	Basidiomycota	Ustilaginomycetes	Ustilaginales	Ustilaginaceae	Pseudozyma	Pseudozyma_hubeiensis
G000409485	k__Fungi;p__Ascomycota;c__Leotiomycetes;o__Helotiales;f__Helotiaceae;g__Glarea;s__Glarea_lozoyensis	Fungi	Ascomycota	Leotiomycetes	Helotiales	Helotiaceae	Glarea	Glarea_lozoyensis
G000417875	k__Fungi;p__Basidiomycota;c__Ustilaginomycetes;o__Ustilaginales;f__Ustilaginaceae;g__Anthracocystis;s__Anthracocystis_flocculosa	Fungi	Basidiomycota	Ustilaginomycetes	Ustilaginales	Ustilaginaceae	Anthracocystis	Anthracocystis_flocculosa
G000439145	k__Fungi;p__Mucoromycota;c__Glomeromycetes;o__Glomerales;f__Glomeraceae;g__Rhizophagus;s__Rhizophagus_irregularis	Fungi	Mucoromycota	Glomeromycetes	Glomerales	Glomeraceae	Rhizophagus	Rhizophagus_irregularis
G000464535	k__Fungi;p__Ascomycota;c__Eurotiomycetes;o__Verrucariales;f__Verrucariaceae;g__Endocarpon;s__Endocarpon_pusillum	Fungi	Ascomycota	Eurotiomycetes	Verrucariales	Verrucariaceae	Endocarpon	Endocarpon_pusillum
G000497045	k__Fungi;p__Basidiomycota;c__Ustilaginomycetes;o__Ustilaginales;f__Ustilaginaceae;g__Kalmanozyma;s__Kalmanozyma_brasiliensis	Fungi	Basidiomycota	Ustilaginomycetes	Ustilaginales	Ustilaginaceae	Kalmanozyma	Kalmanozyma_brasiliensis
G000507465	k__Fungi;p__Basidiomycota;c__Tremellomycetes;o__Tremellales;f__Cryptococcaceae;g__Kwoniella;s__Kwoniella_mangrovensis	Fungi	Basidiomycota	Tremellomycetes	Tremellales	Cryptococcaceae	Kwoniella	Kwoniella_mangrovensis
G000512565	k__Fungi;p__Basidiomycota;c__Tremellomycetes;o__Tremellales;f__Cryptococcaceae;g__Kwoniella;s__Kwoniella_dejecticola	Fungi	Basidiomycota	Tremellomycetes	Tremellales	Cryptococcaceae	Kwoniella	Kwoniella_dejecticola
G000512585	k__Fungi;p__Basidiomycota;c__Tremellomycetes;o__Tremellales;f__Cryptococcaceae;g__Kwoniella;s__Kwoniella_bestiolae	Fungi	Basidiomycota	Tremellomycetes	Tremellales	Cryptococcaceae	Kwoniella	Kwoniella_bestiolae
G000512605	k__Fungi;p__Basidiomycota;c__Tremellomycetes;o__Tremellales;f__Cryptococcaceae;g__Kwoniella;s__Kwoniella_pini	Fungi	Basidiomycota	Tremellomycetes	Tremellales	Cryptococcaceae	Kwoniella	Kwoniella_pini
G000516985	k__Fungi;p__Ascomycota;c__Sordariomycetes;o__Xylariales;f__Sporocadaceae;g__Pestalotiopsis;s__Pestalotiopsis_fici	Fungi	Ascomycota	Sordariomycetes	Xylariales	Sporocadaceae	Pestalotiopsis	Pestalotiopsis_fici
G000523435	k__Fungi;p__Ascomycota;c__Dothideomycetes;o__Pleosporales;f__Pleosporaceae;g__Bipolaris;s__Bipolaris_zeicola	Fungi	Ascomycota	Dothideomycetes	Pleosporales	Pleosporaceae	Bipolaris	Bipolaris_zeicola
G000523455	k__Fungi;p__Ascomycota;c__Dothideomycetes;o__Pleosporales;f__Pleosporaceae;g__Bipolaris;s__Bipolaris_oryzae	Fungi	Ascomycota	Dothideomycetes	Pleosporales	Pleosporaceae	Bipolaris	Bipolaris_oryzae
G000527765	k__Fungi;p__Ascomycota;c__Dothideomycetes;o__Pleosporales;f__Pleosporaceae;g__Bipolaris;s__Bipolaris_victoriae	Fungi	Ascomycota	Dothideomycetes	Pleosporales	Pleosporaceae	Bipolaris	Bipolaris_victoriae
G000576695	k__Fungi;p__Ascomycota;c__Saccharomycetes;o__Saccharomycetales;f__other;g__Kuraishia;s__Kuraishia_capsulata	Fungi	Ascomycota	Saccharomycetes	Saccharomycetales	other	Kuraishia	Kuraishia_capsulata
G000585515	k__Fungi;p__Ascomycota;c__Eurotiomycetes;o__Chaetothyriales;f__Herpotrichiellaceae;g__Cladophialophora;s__Cladophialophora_yegresii	Fungi	Ascomycota	Eurotiomycetes	Chaetothyriales	Herpotrichiellaceae	Cladophialophora	Cladophialophora_yegresii
G000585535	k__Fungi;p__Ascomycota;c__Eurotiomycetes;o__Chaetothyriales;f__Herpotrichiellaceae;g__Cladophialophora;s__Cladophialophora_psammophila	Fungi	Ascomycota	Eurotiomycetes	Chaetothyriales	Herpotrichiellaceae	Cladophialophora	Cladophialophora_psammophila
G000585565	k__Fungi;p__Ascomycota;c__Eurotiomycetes;o__Chaetothyriales;f__Herpotrichiellaceae;g__Capronia;s__Capronia_epimyces	Fungi	Ascomycota	Eurotiomycetes	Chaetothyriales	Herpotrichiellaceae	Capronia	Capronia_epimyces
G000585585	k__Fungi;p__Ascomycota;c__Eurotiomycetes;o__Chaetothyriales;f__Herpotrichiellaceae;g__Capronia;s__Capronia_coronata	Fungi	Ascomycota	Eurotiomycetes	Chaetothyriales	Herpotrichiellaceae	Capronia	Capronia_coronata
G000708205	k__Fungi;p__Basidiomycota;c__Mixiomycetes;o__Mixiales;f__Mixiaceae;g__Mixia;s__Mixia_osmundae	Fungi	Basidiomycota	Mixiomycetes	Mixiales	Mixiaceae	Mixia	Mixia_osmundae
G000709125	k__Fungi;p__Ascomycota;c__Eurotiomycetes;o__Chaetothyriales;f__Herpotrichiellaceae;g__Exophiala;s__Exophiala_aquamarina	Fungi	Ascomycota	Eurotiomycetes	Chaetothyriales	Herpotrichiellaceae	Exophiala	Exophiala_aquamarina
G000711695	k__Fungi;p__Basidiomycota;c__Exobasidiomycetes;o__Georgefischeriales;f__Tilletiariaceae;g__Tilletiaria;s__Tilletiaria_anomala	Fungi	Basidiomycota	Exobasidiomycetes	Georgefischeriales	Tilletiariaceae	Tilletiaria	Tilletiaria_anomala
G000721755	k__Fungi;p__Ascomycota;c__Dothideomycetes;o__Dothideales;f__Saccotheciaceae;g__Aureobasidium;s__Aureobasidium_subglaciale	Fungi	Ascomycota	Dothideomycetes	Dothideales	Saccotheciaceae	Aureobasidium	Aureobasidium_subglaciale
G000721765	k__Fungi;p__Ascomycota;c__Dothideomycetes;o__Dothideales;f__Saccotheciaceae;g__Aureobasidium;s__Aureobasidium_namibiae	Fungi	Ascomycota	Dothideomycetes	Dothideales	Saccotheciaceae	Aureobasidium	Aureobasidium_namibiae
G000721785	k__Fungi;p__Ascomycota;c__Dothideomycetes;o__Dothideales;f__Saccotheciaceae;g__Aureobasidium;s__Aureobasidium_pullulans	Fungi	Ascomycota	Dothideomycetes	Dothideales	Saccotheciaceae	Aureobasidium	Aureobasidium_pullulans
G000732125	k__Fungi;p__Ascomycota;c__Sordariomycetes;o__Microascales;f__Microascaceae;g__Scedosporium;s__Scedosporium_apiospermum	Fungi	Ascomycota	Sordariomycetes	Microascales	Microascaceae	Scedosporium	Scedosporium_apiospermum
G000747765	k__Fungi;p__Basidiomycota;c__Ustilaginomycetes;o__Ustilaginales;f__Ustilaginaceae;g__Moesziomyces;s__Moesziomyces_antarcticus	Fungi	Basidiomycota	Ustilaginomycetes	Ustilaginales	Ustilaginaceae	Moesziomyces	Moesziomyces_antarcticus
G000760515	k__Fungi;p__Microsporidia;c__other;o__other;f__other;g__Mitosporidium;s__Mitosporidium_daphniae	Fungi	Microsporidia	other	other	other	Mitosporidium	Mitosporidium_daphniae
G000769745	k__Fungi;p__Ascomycota;c__Eurotiomycetes;o__Eurotiales;f__Aspergillaceae;g__Penicillium;s__Penicillium_expansum	Fungi	Ascomycota	Eurotiomycetes	Eurotiales	Aspergillaceae	Penicillium	Penicillium_expansum
G000803265	k__Fungi;p__Microsporidia;c__other;o__other;f__Ordosporidae;g__Ordospora;s__Ordospora_colligata	Fungi	Microsporidia	other	other	Ordosporidae	Ordospora	Ordospora_colligata
G000814965	k__Fungi;p__Ascomycota;c__Sordariomycetes;o__Hypocreales;f__Clavicipitaceae;g__Metarhizium;s__Metarhizium_brunneum	Fungi	Ascomycota	Sordariomycetes	Hypocreales	Clavicipitaceae	Metarhizium	Metarhizium_brunneum
G000835455	k__Fungi;p__Ascomycota;c__Eurotiomycetes;o__Chaetothyriales;f__Herpotrichiellaceae;g__Fonsecaea;s__Fonsecaea_pedrosoi	Fungi	Ascomycota	Eurotiomycetes	Chaetothyriales	Herpotrichiellaceae	Fonsecaea	Fonsecaea_pedrosoi
G000835475	k__Fungi;p__Ascomycota;c__Eurotiomycetes;o__Chaetothyriales;f__Herpotrichiellaceae;g__Cladophialophora;s__Cladophialophora_bantiana	Fungi	Ascomycota	Eurotiomycetes	Chaetothyriales	Herpotrichiellaceae	Cladophialophora	Cladophialophora_bantiana
G000835495	k__Fungi;p__Ascomycota;c__Eurotiomycetes;o__Chaetothyriales;f__Herpotrichiellaceae;g__Cladophialophora;s__Cladophialophora_immunda	Fungi	Ascomycota	Eurotiomycetes	Chaetothyriales	Herpotrichiellaceae	Cladophialophora	Cladophialophora_immunda
G000835505	k__Fungi;p__Ascomycota;c__Eurotiomycetes;o__Chaetothyriales;f__Herpotrichiellaceae;g__Exophiala;s__Exophiala_xenobiotica	Fungi	Ascomycota	Eurotiomycetes	Chaetothyriales	Herpotrichiellaceae	Exophiala	Exophiala_xenobiotica
G000835515	k__Fungi;p__Ascomycota;c__Eurotiomycetes;o__Chaetothyriales;f__Herpotrichiellaceae;g__Exophiala;s__Exophiala_oligosperma	Fungi	Ascomycota	Eurotiomycetes	Chaetothyriales	Herpotrichiellaceae	Exophiala	Exophiala_oligosperma
G000835555	k__Fungi;p__Ascomycota;c__Eurotiomycetes;o__Chaetothyriales;f__Herpotrichiellaceae;g__Rhinocladiella;s__Rhinocladiella_mackenziei	Fungi	Ascomycota	Eurotiomycetes	Chaetothyriales	Herpotrichiellaceae	Rhinocladiella	Rhinocladiella_mackenziei
G000836115	k__Fungi;p__Ascomycota;c__Eurotiomycetes;o__Chaetothyriales;f__Herpotrichiellaceae;g__Exophiala;s__Exophiala_spinifera	Fungi	Ascomycota	Eurotiomycetes	Chaetothyriales	Herpotrichiellaceae	Exophiala	Exophiala_spinifera
G000836275	k__Fungi;p__Ascomycota;c__Eurotiomycetes;o__Chaetothyriales;f__Herpotrichiellaceae;g__Exophiala;s__Exophiala_mesophila	Fungi	Ascomycota	Eurotiomycetes	Chaetothyriales	Herpotrichiellaceae	Exophiala	Exophiala_mesophila
G000836295	k__Fungi;p__Ascomycota;c__Dothideomycetes;o__Venturiales;f__Sympoventuriaceae;g__Verruconis;s__Verruconis_gallopava	Fungi	Ascomycota	Dothideomycetes	Venturiales	Sympoventuriaceae	Verruconis	Verruconis_gallopava
G000836435	k__Fungi;p__Ascomycota;c__Eurotiomycetes;o__Chaetothyriales;f__Herpotrichiellaceae;g__Fonsecaea;s__Fonsecaea_multimorphosa	Fungi	Ascomycota	Eurotiomycetes	Chaetothyriales	Herpotrichiellaceae	Fonsecaea	Fonsecaea_multimorphosa
G000938715	k__Fungi;p__Ascomycota;c__Saccharomycetes;o__Saccharomycetales;f__Saccharomycetaceae;g__Lachancea;s__Lachancea_lanzarotensis	Fungi	Ascomycota	Saccharomycetes	Saccharomycetales	Saccharomycetaceae	Lachancea	Lachancea_lanzarotensis
G000961545	k__Fungi;p__Ascomycota;c__Sordariomycetes;o__Ophiostomatales;f__Ophiostomataceae;g__Sporothrix;s__Sporothrix_schenckii	Fungi	Ascomycota	Sordariomycetes	Ophiostomatales	Ophiostomataceae	Sporothrix	Sporothrix_schenckii
G000968595	k__Fungi;p__Ascomycota;c__Eurotiomycetes;o__Eurotiales;f__Trichocomaceae;g__Rasamsonia;s__Rasamsonia_emersonii	Fungi	Ascomycota	Eurotiomycetes	Eurotiales	Trichocomaceae	Rasamsonia	Rasamsonia_emersonii
G000988165	k__Fungi;p__Microsporidia;c__other;o__other;f__Nosematidae;g__Nosema;s__Nosema_ceranae	Fungi	Microsporidia	other	other	Nosematidae	Nosema	Nosema_ceranae
G001027345	k__Fungi;p__Basidiomycota;c__Tremellomycetes;o__Trichosporonales;f__Trichosporonaceae;g__Cutaneotrichosporon;s__Cutaneotrichosporon_oleaginosum	Fungi	Basidiomycota	Tremellomycetes	Trichosporonales	Trichosporonaceae	Cutaneotrichosporon	Cutaneotrichosporon_oleaginosum
G001204775	k__Fungi;p__Ascomycota;c__Eurotiomycetes;o__Eurotiales;f__Aspergillaceae;g__Aspergillus;s__Aspergillus_nomiae	Fungi	Ascomycota	Eurotiomycetes	Eurotiales	Aspergillaceae	Aspergillus	Aspergillus_nomiae
G001278385	k__Fungi;p__Basidiomycota;c__Malasseziomycetes;o__Malasseziales;f__Malasseziaceae;g__Malassezia;s__Malassezia_pachydermatis	Fungi	Basidiomycota	Malasseziomycetes	Malasseziales	Malasseziaceae	Malassezia	Malassezia_pachydermatis
G001298625	k__Fungi;p__Ascomycota;c__Saccharomycetes;o__Saccharomycetales;f__Saccharomycetaceae;g__Saccharomyces;s__Saccharomyces_eubayanus	Fungi	Ascomycota	Saccharomycetes	Saccharomycetales	Saccharomycetaceae	Saccharomyces	Saccharomyces_eubayanus
G001299255	k__Fungi;p__Ascomycota;c__Eurotiomycetes;o__Chaetothyriales;f__Herpotrichiellaceae;g__Phialophora;s__Phialophora_attinorum	Fungi	Ascomycota	Eurotiomycetes	Chaetothyriales	Herpotrichiellaceae	Phialophora	Phialophora_attinorum
G001329695	k__Fungi;p__Basidiomycota;c__Microbotryomycetes;o__Sporidiobolales;f__Sporidiobolaceae;g__Rhodotorula;s__Rhodotorula_graminis	Fungi	Basidiomycota	Microbotryomycetes	Sporidiobolales	Sporidiobolaceae	Rhodotorula	Rhodotorula_graminis
G001417885	k__Fungi;p__Ascomycota;c__Saccharomycetes;o__Saccharomycetales;f__Saccharomycetaceae;g__Kluyveromyces;s__Kluyveromyces_marxianus	Fungi	Ascomycota	Saccharomycetes	Saccharomycetales	Saccharomycetaceae	Kluyveromyces	Kluyveromyces_marxianus
G001447935	k__Fungi;p__Ascomycota;c__Saccharomycetes;o__Saccharomycetales;f__Debaryomycetaceae;g__Debaryomyces;s__Debaryomyces_fabryi	Fungi	Ascomycota	Saccharomycetes	Saccharomycetales	Debaryomycetaceae	Debaryomyces	Debaryomyces_fabryi
G001477535	k__Fungi;p__Ascomycota;c__Pneumocystidomycetes;o__Pneumocystidales;f__Pneumocystidaceae;g__Pneumocystis;s__Pneumocystis_jirovecii	Fungi	Ascomycota	Pneumocystidomycetes	Pneumocystidales	Pneumocystidaceae	Pneumocystis	Pneumocystis_jirovecii
G001477545	k__Fungi;p__Ascomycota;c__Pneumocystidomycetes;o__Pneumocystidales;f__Pneumocystidaceae;g__Pneumocystis;s__Pneumocystis_carinii	Fungi	Ascomycota	Pneumocystidomycetes	Pneumocystidales	Pneumocystidaceae	Pneumocystis	Pneumocystis_carinii
G001481775	k__Fungi;p__Ascomycota;c__Sordariomycetes;o__Hypocreales;f__Hypocreaceae;g__Trichoderma;s__Trichoderma_gamsii	Fungi	Ascomycota	Sordariomycetes	Hypocreales	Hypocreaceae	Trichoderma	Trichoderma_gamsii
G001500285	k__Fungi;p__Ascomycota;c__Leotiomycetes;o__Helotiales;f__other;g__Phialocephala;s__Phialocephala_scopiformis	Fungi	Ascomycota	Leotiomycetes	Helotiales	other	Phialocephala	Phialocephala_scopiformis
G001619985	k__Fungi;p__Ascomycota;c__Xylonomycetes;o__Xylonales;f__Xylonaceae;g__Xylona;s__Xylona_heveae	Fungi	Ascomycota	Xylonomycetes	Xylonales	Xylonaceae	Xylona	Xylona_heveae
G001636725	k__Fungi;p__Ascomycota;c__Sordariomycetes;o__Hypocreales;f__Cordycipitaceae;g__Cordyceps;s__Cordyceps_fumosorosea	Fungi	Ascomycota	Sordariomycetes	Hypocreales	Cordycipitaceae	Cordyceps	Cordyceps_fumosorosea
G001638985	k__Fungi;p__Mucoromycota;c__Mucoromycetes;o__Mucorales;f__Phycomycetaceae;g__Phycomyces;s__Phycomyces_blakesleeanus	Fungi	Mucoromycota	Mucoromycetes	Mucorales	Phycomycetaceae	Phycomyces	Phycomyces_blakesleeanus
G001640025	k__Fungi;p__Ascomycota;c__Saccharomycetes;o__Saccharomycetales;f__Trichomonascaceae;g__Sugiyamaella;s__Sugiyamaella_lignohabitans	Fungi	Ascomycota	Saccharomycetes	Saccharomycetales	Trichomonascaceae	Sugiyamaella	Sugiyamaella_lignohabitans
G001641265	k__Fungi;p__Ascomycota;c__Leotiomycetes;o__other;f__Pseudeurotiaceae;g__Pseudogymnoascus;s__Pseudogymnoascus_destructans	Fungi	Ascomycota	Leotiomycetes	other	Pseudeurotiaceae	Pseudogymnoascus	Pseudogymnoascus_destructans
G001642045	k__Fungi;p__Ascomycota;c__Dothideomycetes;o__Pleosporales;f__Didymosphaeriaceae;g__Paraphaeosphaeria;s__Paraphaeosphaeria_sporulosa	Fungi	Ascomycota	Dothideomycetes	Pleosporales	Didymosphaeriaceae	Paraphaeosphaeria	Paraphaeosphaeria_sporulosa
G001642055	k__Fungi;p__Ascomycota;c__Dothideomycetes;o__Pleosporales;f__Pleosporaceae;g__Alternaria;s__Alternaria_alternata	Fungi	Ascomycota	Dothideomycetes	Pleosporales	Pleosporaceae	Alternaria	Alternaria_alternata
G001642475	k__Fungi;p__Ascomycota;c__Eurotiomycetes;o__Chaetothyriales;f__Herpotrichiellaceae;g__Fonsecaea;s__Fonsecaea_monophora	Fungi	Ascomycota	Eurotiomycetes	Chaetothyriales	Herpotrichiellaceae	Fonsecaea	Fonsecaea_monophora
G001646965	k__Fungi;p__Ascomycota;c__Eurotiomycetes;o__Chaetothyriales;f__Herpotrichiellaceae;g__Fonsecaea;s__Fonsecaea_nubica	Fungi	Ascomycota	Eurotiomycetes	Chaetothyriales	Herpotrichiellaceae	Fonsecaea	Fonsecaea_nubica
G001651985	k__Fungi;p__Ascomycota;c__Eurotiomycetes;o__Chaetothyriales;f__Herpotrichiellaceae;g__Fonsecaea;s__Fonsecaea_erecta	Fungi	Ascomycota	Eurotiomycetes	Chaetothyriales	Herpotrichiellaceae	Fonsecaea	Fonsecaea_erecta
G001653235	k__Fungi;p__Ascomycota;c__Sordariomycetes;o__Hypocreales;f__Clavicipitaceae;g__Pochonia;s__Pochonia_chlamydosporia	Fungi	Ascomycota	Sordariomycetes	Hypocreales	Clavicipitaceae	Pochonia	Pochonia_chlamydosporia
G001653265	k__Fungi;p__Ascomycota;c__Sordariomycetes;o__Hypocreales;f__Ophiocordycipitaceae;g__Purpureocillium;s__Purpureocillium_lilacinum	Fungi	Ascomycota	Sordariomycetes	Hypocreales	Ophiocordycipitaceae	Purpureocillium	Purpureocillium_lilacinum
G001661235	k__Fungi;p__Ascomycota;c__Saccharomycetes;o__Saccharomycetales;f__Pichiaceae;g__Pichia;s__Pichia_membranifaciens	Fungi	Ascomycota	Saccharomycetes	Saccharomycetales	Pichiaceae	Pichia	Pichia_membranifaciens
G001661255	k__Fungi;p__Ascomycota;c__Saccharomycetes;o__Saccharomycetales;f__Phaffomycetaceae;g__Wickerhamomyces;s__Wickerhamomyces_anomalus	Fungi	Ascomycota	Saccharomycetes	Saccharomycetales	Phaffomycetaceae	Wickerhamomyces	Wickerhamomyces_anomalus
G001661265	k__Fungi;p__Ascomycota;c__other;o__other;f__other;g__Saitoella;s__Saitoella_complicata	Fungi	Ascomycota	other	other	other	Saitoella	Saitoella_complicata
G001661335	k__Fungi;p__Ascomycota;c__Saccharomycetes;o__Saccharomycetales;f__Debaryomycetaceae;g__Babjeviella;s__Babjeviella_inositovora	Fungi	Ascomycota	Saccharomycetes	Saccharomycetales	Debaryomycetaceae	Babjeviella	Babjeviella_inositovora
G001661345	k__Fungi;p__Ascomycota;c__Saccharomycetes;o__Saccharomycetales;f__Ascoideaceae;g__Ascoidea;s__Ascoidea_rubescens	Fungi	Ascomycota	Saccharomycetes	Saccharomycetales	Ascoideaceae	Ascoidea	Ascoidea_rubescens
G001661395	k__Fungi;p__Ascomycota;c__Saccharomycetes;o__Saccharomycetales;f__Debaryomycetaceae;g__Hyphopichia;s__Hyphopichia_burtonii	Fungi	Ascomycota	Saccharomycetes	Saccharomycetales	Debaryomycetaceae	Hyphopichia	Hyphopichia_burtonii
G001661405	k__Fungi;p__Ascomycota;c__Saccharomycetes;o__Saccharomycetales;f__Phaffomycetaceae;g__Cyberlindnera;s__Cyberlindnera_jadinii	Fungi	Ascomycota	Saccharomycetes	Saccharomycetales	Phaffomycetaceae	Cyberlindnera	Cyberlindnera_jadinii
G001661415	k__Fungi;p__Ascomycota;c__Saccharomycetes;o__Saccharomycetales;f__Debaryomycetaceae;g__Suhomyces;s__Suhomyces_tanzawaensis	Fungi	Ascomycota	Saccharomycetes	Saccharomycetales	Debaryomycetaceae	Suhomyces	Suhomyces_tanzawaensis
G001662655	k__Fungi;p__Ascomycota;c__Leotiomycetes;o__other;f__Pseudeurotiaceae;g__Pseudogymnoascus;s__Pseudogymnoascus_verrucosus	Fungi	Ascomycota	Leotiomycetes	other	Pseudeurotiaceae	Pseudogymnoascus	Pseudogymnoascus_verrucosus
G001664035	k__Fungi;p__Ascomycota;c__Saccharomycetes;o__Saccharomycetales;f__Metschnikowiaceae;g__Metschnikowia;s__Metschnikowia_bicuspidata	Fungi	Ascomycota	Saccharomycetes	Saccharomycetales	Metschnikowiaceae	Metschnikowia	Metschnikowia_bicuspidata
G001664045	k__Fungi;p__Ascomycota;c__Saccharomycetes;o__Saccharomycetales;f__Pichiaceae;g__Ogataea;s__Ogataea_polymorpha	Fungi	Ascomycota	Saccharomycetes	Saccharomycetales	Pichiaceae	Ogataea	Ogataea_polymorpha
G001672515	k__Fungi;p__Ascomycota;c__Sordariomycetes;o__Glomerellales;f__Glomerellaceae;g__Colletotrichum;s__Colletotrichum_higginsianum	Fungi	Ascomycota	Sordariomycetes	Glomerellales	Glomerellaceae	Colletotrichum	Colletotrichum_higginsianum
G001720155	k__Fungi;p__Basidiomycota;c__Tremellomycetes;o__Tremellales;f__Cryptococcaceae;g__Cryptococcus;s__Cryptococcus_wingfieldii	Fungi	Basidiomycota	Tremellomycetes	Tremellales	Cryptococcaceae	Cryptococcus	Cryptococcus_wingfieldii
G001720205	k__Fungi;p__Basidiomycota;c__Tremellomycetes;o__Tremellales;f__Cryptococcaceae;g__Cryptococcus;s__Cryptococcus_amylolentus	Fungi	Basidiomycota	Tremellomycetes	Tremellales	Cryptococcaceae	Cryptococcus	Cryptococcus_amylolentus
G001773325	k__Fungi;p__Ascomycota;c__Eurotiomycetes;o__Eurotiales;f__Aspergillaceae;g__Penicillium;s__Penicillium_arizonense	Fungi	Ascomycota	Eurotiomycetes	Eurotiales	Aspergillaceae	Penicillium	Penicillium_arizonense
G001792695	k__Fungi;p__Ascomycota;c__Eurotiomycetes;o__Eurotiales;f__Aspergillaceae;g__Aspergillus;s__Aspergillus_bombycis	Fungi	Ascomycota	Eurotiomycetes	Eurotiales	Aspergillaceae	Aspergillus	Aspergillus_bombycis
G001831195	k__Fungi;p__Ascomycota;c__Sordariomycetes;o__Glomerellales;f__Glomerellaceae;g__Colletotrichum;s__Colletotrichum_orchidophilum	Fungi	Ascomycota	Sordariomycetes	Glomerellales	Glomerellaceae	Colletotrichum	Colletotrichum_orchidophilum
G001883845	k__Fungi;p__Ascomycota;c__Dothideomycetes;o__Botryosphaeriales;f__Botryosphaeriaceae;g__Diplodia;s__Diplodia_corticola	Fungi	Ascomycota	Dothideomycetes	Botryosphaeriales	Botryosphaeriaceae	Diplodia	Diplodia_corticola
G001890105	k__Fungi;p__Ascomycota;c__Eurotiomycetes;o__Eurotiales;f__Aspergillaceae;g__Penicilliopsis;s__Penicilliopsis_zonata	Fungi	Ascomycota	Eurotiomycetes	Eurotiales	Aspergillaceae	Penicilliopsis	Penicilliopsis_zonata
G001890805	k__Fungi;p__Ascomycota;c__Eurotiomycetes;o__Eurotiales;f__Aspergillaceae;g__Aspergillus;s__Aspergillus_glaucus	Fungi	Ascomycota	Eurotiomycetes	Eurotiales	Aspergillaceae	Aspergillus	Aspergillus_glaucus
G001890905	k__Fungi;p__Ascomycota;c__Eurotiomycetes;o__Eurotiales;f__Aspergillaceae;g__Aspergillus;s__Aspergillus_aculeatus	Fungi	Ascomycota	Eurotiomycetes	Eurotiales	Aspergillaceae	Aspergillus	Aspergillus_aculeatus
G001907595	k__Fungi;p__Ascomycota;c__Eurotiomycetes;o__Eurotiales;f__Trichocomaceae;g__Talaromyces;s__Talaromyces_atroroseus	Fungi	Ascomycota	Eurotiomycetes	Eurotiales	Trichocomaceae	Talaromyces	Talaromyces_atroroseus
G002079055	k__Fungi;p__Ascomycota;c__Saccharomycetes;o__Saccharomycetales;f__Saccharomycetaceae;g__Saccharomyces;s__Saccharomyces_paradoxus	Fungi	Ascomycota	Saccharomycetes	Saccharomycetales	Saccharomycetaceae	Saccharomyces	Saccharomyces_paradoxus
G002102565	k__Fungi;p__Basidiomycota;c__Tremellomycetes;o__Tremellales;f__Cuniculitremaceae;g__Kockovaella;s__Kockovaella_imperatae	Fungi	Basidiomycota	Tremellomycetes	Tremellales	Cuniculitremaceae	Kockovaella	Kockovaella_imperatae
G002105155	k__Fungi;p__Mucoromycota;c__Mortierellomycetes;o__Mortierellales;f__Mortierellaceae;g__Lobosporangium;s__Lobosporangium_transversale	Fungi	Mucoromycota	Mortierellomycetes	Mortierellales	Mortierellaceae	Lobosporangium	Lobosporangium_transversale
G002117355	k__Fungi;p__Basidiomycota;c__Agaricomycetes;o__Polyporales;f__Dacryobolaceae;g__Postia;s__Postia_placenta	Fungi	Basidiomycota	Agaricomycetes	Polyporales	Dacryobolaceae	Postia	Postia_placenta
G002237265	k__Fungi;p__Ascomycota;c__Eurotiomycetes;o__Eurotiales;f__Aspergillaceae;g__Aspergillus;s__Aspergillus_thermomutatus	Fungi	Ascomycota	Eurotiomycetes	Eurotiales	Aspergillaceae	Aspergillus	Aspergillus_thermomutatus
G002251995	k__Fungi;p__Ascomycota;c__Saccharomycetes;o__Saccharomycetales;f__Trichomonascaceae;g__Wickerhamiella;s__Wickerhamiella_sorbophila	Fungi	Ascomycota	Saccharomycetes	Saccharomycetales	Trichomonascaceae	Wickerhamiella	Wickerhamiella_sorbophila
G002708625	k__Fungi;p__Mucoromycota;c__Mucoromycetes;o__Mucorales;f__Rhizopodaceae;g__Rhizopus;s__Rhizopus_microsporus	Fungi	Mucoromycota	Mucoromycetes	Mucorales	Rhizopodaceae	Rhizopus	Rhizopus_microsporus
G002742065	k__Fungi;p__Ascomycota;c__Dothideomycetes;o__Mycosphaerellales;f__Mycosphaerellaceae;g__Cercospora;s__Cercospora_beticola	Fungi	Ascomycota	Dothideomycetes	Mycosphaerellales	Mycosphaerellaceae	Cercospora	Cercospora_beticola
G002775015	k__Fungi;p__Ascomycota;c__Saccharomycetes;o__Saccharomycetales;f__Metschnikowiaceae;g__Clavispora;s__Candida_auris	Fungi	Ascomycota	Saccharomycetes	Saccharomycetales	Metschnikowiaceae	Clavispora	Candida_auris
G002847045	k__Fungi;p__Ascomycota;c__Eurotiomycetes;o__Eurotiales;f__Aspergillaceae;g__Aspergillus;s__Aspergillus_candidus	Fungi	Ascomycota	Eurotiomycetes	Eurotiales	Aspergillaceae	Aspergillus	Aspergillus_candidus
G002847465	k__Fungi;p__Ascomycota;c__Eurotiomycetes;o__Eurotiales;f__Aspergillaceae;g__Aspergillus;s__Aspergillus_novofumigatus	Fungi	Ascomycota	Eurotiomycetes	Eurotiales	Aspergillaceae	Aspergillus	Aspergillus_novofumigatus
G002847485	k__Fungi;p__Ascomycota;c__Eurotiomycetes;o__Eurotiales;f__Aspergillaceae;g__Aspergillus;s__Aspergillus_campestris	Fungi	Ascomycota	Eurotiomycetes	Eurotiales	Aspergillaceae	Aspergillus	Aspergillus_campestris
G002849105	k__Fungi;p__Ascomycota;c__Eurotiomycetes;o__Eurotiales;f__Aspergillaceae;g__Aspergillus;s__Aspergillus_steynii	Fungi	Ascomycota	Eurotiomycetes	Eurotiales	Aspergillaceae	Aspergillus	Aspergillus_steynii
G002865645	k__Fungi;p__Ascomycota;c__Leotiomycetes;o__Helotiales;f__Hyaloscyphaceae;g__Hyaloscypha;s__Hyaloscypha_bicolor	Fungi	Ascomycota	Leotiomycetes	Helotiales	Hyaloscyphaceae	Hyaloscypha	Hyaloscypha_bicolor
G002926055	k__Fungi;p__Ascomycota;c__Saccharomycetes;o__Saccharomycetales;f__Metschnikowiaceae;g__Clavispora;s__Candida_haemuloni	Fungi	Ascomycota	Saccharomycetes	Saccharomycetales	Metschnikowiaceae	Clavispora	Candida_haemuloni
G002926085	k__Fungi;p__Ascomycota;c__Saccharomycetes;o__Saccharomycetales;f__Metschnikowiaceae;g__Clavispora;s__Candida_duobushaemulonis	Fungi	Ascomycota	Saccharomycetes	Saccharomycetales	Metschnikowiaceae	Clavispora	Candida_duobushaemulonis
G003013735	k__Fungi;p__Ascomycota;c__Saccharomycetes;o__Saccharomycetales;f__Metschnikowiaceae;g__Clavispora;s__Candida_pseudohaemulonis	Fungi	Ascomycota	Saccharomycetes	Saccharomycetales	Metschnikowiaceae	Clavispora	Candida_pseudohaemulonis
G003019875	k__Fungi;p__Ascomycota;c__Leotiomycetes;o__other;f__Myxotrichaceae;g__Amorphotheca;s__Amorphotheca_resinae	Fungi	Ascomycota	Leotiomycetes	other	Myxotrichaceae	Amorphotheca	Amorphotheca_resinae
G003025095	k__Fungi;p__Ascomycota;c__Sordariomycetes;o__Hypocreales;f__Hypocreaceae;g__Trichoderma;s__Trichoderma_harzianum	Fungi	Ascomycota	Sordariomycetes	Hypocreales	Hypocreaceae	Trichoderma	Trichoderma_harzianum
G003025105	k__Fungi;p__Ascomycota;c__Sordariomycetes;o__Hypocreales;f__Hypocreaceae;g__Trichoderma;s__Trichoderma_asperellum	Fungi	Ascomycota	Sordariomycetes	Hypocreales	Hypocreaceae	Trichoderma	Trichoderma_asperellum
G003025115	k__Fungi;p__Ascomycota;c__Sordariomycetes;o__Hypocreales;f__Hypocreaceae;g__Trichoderma;s__Trichoderma_citrinoviride	Fungi	Ascomycota	Sordariomycetes	Hypocreales	Hypocreaceae	Trichoderma	Trichoderma_citrinoviride
G003054445	k__Fungi;p__Ascomycota;c__Saccharomycetes;o__Saccharomycetales;f__Pichiaceae;g__Pichia;s__Pichia_kudriavzevii	Fungi	Ascomycota	Saccharomycetes	Saccharomycetales	Pichiaceae	Pichia	Pichia_kudriavzevii
G003144115	k__Fungi;p__Basidiomycota;c__Exobasidiomycetes;o__Entylomatales;f__other;g__Tilletiopsis;s__Tilletiopsis_washingtonensis	Fungi	Basidiomycota	Exobasidiomycetes	Entylomatales	other	Tilletiopsis	Tilletiopsis_washingtonensis
G003144135	k__Fungi;p__Basidiomycota;c__Exobasidiomycetes;o__Microstromatales;f__other;g__Pseudomicrostroma;s__Pseudomicrostroma_glucosiphilum	Fungi	Basidiomycota	Exobasidiomycetes	Microstromatales	other	Pseudomicrostroma	Pseudomicrostroma_glucosiphilum
G003144195	k__Fungi;p__Basidiomycota;c__Exobasidiomycetes;o__Ceraceosorales;f__Ceraceosoraceae;g__Ceraceosorus;s__Ceraceosorus_guamensis	Fungi	Basidiomycota	Exobasidiomycetes	Ceraceosorales	Ceraceosoraceae	Ceraceosorus	Ceraceosorus_guamensis
G003144205	k__Fungi;p__Basidiomycota;c__Exobasidiomycetes;o__Exobasidiales;f__Brachybasidiaceae;g__Meira;s__Meira_miltonrushii	Fungi	Basidiomycota	Exobasidiomycetes	Exobasidiales	Brachybasidiaceae	Meira	Meira_miltonrushii
G003144245	k__Fungi;p__Basidiomycota;c__Exobasidiomycetes;o__Microstromatales;f__other;g__Jaminaea;s__Jaminaea_rosea	Fungi	Basidiomycota	Exobasidiomycetes	Microstromatales	other	Jaminaea	Jaminaea_rosea
G003144295	k__Fungi;p__Basidiomycota;c__Exobasidiomycetes;o__Exobasidiales;f__Cryptobasidiaceae;g__Acaromyces;s__Acaromyces_ingoldii	Fungi	Basidiomycota	Exobasidiomycetes	Exobasidiales	Cryptobasidiaceae	Acaromyces	Acaromyces_ingoldii
G003184525	k__Fungi;p__Ascomycota;c__Eurotiomycetes;o__Eurotiales;f__Aspergillaceae;g__Aspergillus;s__Aspergillus_sclerotioniger	Fungi	Ascomycota	Eurotiomycetes	Eurotiales	Aspergillaceae	Aspergillus	Aspergillus_sclerotioniger
G003184535	k__Fungi;p__Ascomycota;c__Eurotiomycetes;o__Eurotiales;f__Aspergillaceae;g__Aspergillus;s__Aspergillus_eucalypticola	Fungi	Ascomycota	Eurotiomycetes	Eurotiales	Aspergillaceae	Aspergillus	Aspergillus_eucalypticola
G003184545	k__Fungi;p__Ascomycota;c__Eurotiomycetes;o__Eurotiales;f__Aspergillaceae;g__Aspergillus;s__Aspergillus_heteromorphus	Fungi	Ascomycota	Eurotiomycetes	Eurotiales	Aspergillaceae	Aspergillus	Aspergillus_heteromorphus
G003184585	k__Fungi;p__Ascomycota;c__Eurotiomycetes;o__Eurotiales;f__Aspergillaceae;g__Aspergillus;s__Aspergillus_saccharolyticus	Fungi	Ascomycota	Eurotiomycetes	Eurotiales	Aspergillaceae	Aspergillus	Aspergillus_saccharolyticus
G003184625	k__Fungi;p__Ascomycota;c__Eurotiomycetes;o__Eurotiales;f__Aspergillaceae;g__Aspergillus;s__Aspergillus_neoniger	Fungi	Ascomycota	Eurotiomycetes	Eurotiales	Aspergillaceae	Aspergillus	Aspergillus_neoniger
G003184695	k__Fungi;p__Ascomycota;c__Eurotiomycetes;o__Eurotiales;f__Aspergillaceae;g__Aspergillus;s__Aspergillus_brunneoviolaceus	Fungi	Ascomycota	Eurotiomycetes	Eurotiales	Aspergillaceae	Aspergillus	Aspergillus_brunneoviolaceus
G003184745	k__Fungi;p__Ascomycota;c__Eurotiomycetes;o__Eurotiales;f__Aspergillaceae;g__Aspergillus;s__Aspergillus_uvarum	Fungi	Ascomycota	Eurotiomycetes	Eurotiales	Aspergillaceae	Aspergillus	Aspergillus_uvarum
G003184755	k__Fungi;p__Ascomycota;c__Eurotiomycetes;o__Eurotiales;f__Aspergillaceae;g__Aspergillus;s__Aspergillus_piperis	Fungi	Ascomycota	Eurotiomycetes	Eurotiales	Aspergillaceae	Aspergillus	Aspergillus_piperis
G003184765	k__Fungi;p__Ascomycota;c__Eurotiomycetes;o__Eurotiales;f__Aspergillaceae;g__Aspergillus;s__Aspergillus_aculeatinus	Fungi	Ascomycota	Eurotiomycetes	Eurotiales	Aspergillaceae	Aspergillus	Aspergillus_aculeatinus
G003184785	k__Fungi;p__Ascomycota;c__Eurotiomycetes;o__Eurotiales;f__Aspergillaceae;g__Aspergillus;s__Aspergillus_japonicus	Fungi	Ascomycota	Eurotiomycetes	Eurotiales	Aspergillaceae	Aspergillus	Aspergillus_japonicus
G003184835	k__Fungi;p__Ascomycota;c__Eurotiomycetes;o__Eurotiales;f__Aspergillaceae;g__Aspergillus;s__Aspergillus_costaricensis	Fungi	Ascomycota	Eurotiomycetes	Eurotiales	Aspergillaceae	Aspergillus	Aspergillus_costaricensis
G003184845	k__Fungi;p__Ascomycota;c__Eurotiomycetes;o__Eurotiales;f__Aspergillaceae;g__Aspergillus;s__Aspergillus_ibericus	Fungi	Ascomycota	Eurotiomycetes	Eurotiales	Aspergillaceae	Aspergillus	Aspergillus_ibericus
G003184865	k__Fungi;p__Ascomycota;c__Eurotiomycetes;o__Eurotiales;f__Aspergillaceae;g__Aspergillus;s__Aspergillus_homomorphus	Fungi	Ascomycota	Eurotiomycetes	Eurotiales	Aspergillaceae	Aspergillus	Aspergillus_homomorphus
G003184925	k__Fungi;p__Ascomycota;c__Eurotiomycetes;o__Eurotiales;f__Aspergillaceae;g__Aspergillus;s__Aspergillus_vadensis	Fungi	Ascomycota	Eurotiomycetes	Eurotiales	Aspergillaceae	Aspergillus	Aspergillus_vadensis
G003290485	k__Fungi;p__Basidiomycota;c__Malasseziomycetes;o__Malasseziales;f__Malasseziaceae;g__Malassezia;s__Malassezia_restricta	Fungi	Basidiomycota	Malasseziomycetes	Malasseziales	Malasseziaceae	Malassezia	Malassezia_restricta
G003316985	k__Fungi;p__Ascomycota;c__Sordariomycetes;o__Hypocreales;f__Nectriaceae;g__Fusarium;s__Fusarium_coffeatum	Fungi	Ascomycota	Sordariomycetes	Hypocreales	Nectriaceae	Fusarium	Fusarium_coffeatum
G003344945	k__Fungi;p__Ascomycota;c__Eurotiomycetes;o__Eurotiales;f__Aspergillaceae;g__Aspergillus;s__Aspergillus_welwitschiae	Fungi	Ascomycota	Eurotiomycetes	Eurotiales	Aspergillaceae	Aspergillus	Aspergillus_welwitschiae
G003357145	k__Fungi;p__Ascomycota;c__Leotiomycetes;o__Helotiales;f__Pleuroascaceae;g__Venustampulla;s__Venustampulla_echinocandica	Fungi	Ascomycota	Leotiomycetes	Helotiales	Pleuroascaceae	Venustampulla	Venustampulla_echinocandica
G003369625	k__Fungi;p__Ascomycota;c__Eurotiomycetes;o__Eurotiales;f__Aspergillaceae;g__Aspergillus;s__Aspergillus_mulundensis	Fungi	Ascomycota	Eurotiomycetes	Eurotiales	Aspergillaceae	Aspergillus	Aspergillus_mulundensis
G003426965	k__Fungi;p__Ascomycota;c__Eurotiomycetes;o__Eurotiales;f__Aspergillaceae;g__Aspergillus;s__Aspergillus_tanneri	Fungi	Ascomycota	Eurotiomycetes	Eurotiales	Aspergillaceae	Aspergillus	Aspergillus_tanneri
G003711515	k__Fungi;p__Ascomycota;c__Sordariomycetes;o__Glomerellales;f__Plectosphaerellaceae;g__Sodiomyces;s__Sodiomyces_alkalinus	Fungi	Ascomycota	Sordariomycetes	Glomerellales	Plectosphaerellaceae	Sodiomyces	Sodiomyces_alkalinus
G003851025	k__Fungi;p__Basidiomycota;c__Agaricomycetes;o__Polyporales;f__Sparassidaceae;g__Sparassis;s__Sparassis_crispa	Fungi	Basidiomycota	Agaricomycetes	Polyporales	Sparassidaceae	Sparassis	Sparassis_crispa
G003942205	k__Fungi;p__Basidiomycota;c__Tremellomycetes;o__Trichosporonales;f__Trichosporonaceae;g__Apiotrichum;s__Apiotrichum_porosum	Fungi	Basidiomycota	Tremellomycetes	Trichosporonales	Trichosporonaceae	Apiotrichum	Apiotrichum_porosum
G004022145	k__Fungi;p__Ascomycota;c__Eurotiomycetes;o__Eurotiales;f__Thermoascaceae;g__Byssochlamys;s__Byssochlamys_spectabilis	Fungi	Ascomycota	Eurotiomycetes	Eurotiales	Thermoascaceae	Byssochlamys	Byssochlamys_spectabilis
G004154835	k__Fungi;p__Ascomycota;c__Dothideomycetes;o__Pleosporales;f__Pleosporaceae;g__Alternaria;s__Alternaria_arborescens	Fungi	Ascomycota	Dothideomycetes	Pleosporales	Pleosporaceae	Alternaria	Alternaria_arborescens
G004337985	k__Fungi;p__Ascomycota;c__Sordariomycetes;o__Magnaporthales;f__Pyriculariaceae;g__Pyricularia;s__Pyricularia_pennisetigena	Fungi	Ascomycota	Sordariomycetes	Magnaporthales	Pyriculariaceae	Pyricularia	Pyricularia_pennisetigena
G004353045	k__Fungi;p__Ascomycota;c__Sordariomycetes;o__Xylariales;f__other;g__Phialemoniopsis;s__Phialemoniopsis_curvata	Fungi	Ascomycota	Sordariomycetes	Xylariales	other	Phialemoniopsis	Phialemoniopsis_curvata
G004355905	k__Fungi;p__Ascomycota;c__Sordariomycetes;o__Magnaporthales;f__Pyriculariaceae;g__Pyricularia;s__Pyricularia_grisea	Fungi	Ascomycota	Sordariomycetes	Magnaporthales	Pyriculariaceae	Pyricularia	Pyricularia_grisea
G005498985	k__Fungi;p__Basidiomycota;c__Ustilaginomycetes;o__Ustilaginales;f__Ustilaginaceae;g__Sporisorium;s__Sporisorium_graminicola	Fungi	Basidiomycota	Ustilaginomycetes	Ustilaginales	Ustilaginaceae	Sporisorium	Sporisorium_graminicola
G006535985	k__Fungi;p__Chytridiomycota;c__Chytridiomycetes;o__Synchytriales;f__Synchytriaceae;g__Synchytrium;s__Synchytrium_microbalum	Fungi	Chytridiomycota	Chytridiomycetes	Synchytriales	Synchytriaceae	Synchytrium	Synchytrium_microbalum
G007821495	k__Fungi;p__Ascomycota;c__Leotiomycetes;o__Helotiales;f__Lachnaceae;g__Lachnellula;s__Lachnellula_hyalina	Fungi	Ascomycota	Leotiomycetes	Helotiales	Lachnaceae	Lachnellula	Lachnellula_hyalina
G008629635	k__Fungi;p__Basidiomycota;c__Tremellomycetes;o__Tremellales;f__Cryptococcaceae;g__Kwoniella;s__Kwoniella_shandongensis	Fungi	Basidiomycota	Tremellomycetes	Tremellales	Cryptococcaceae	Kwoniella	Kwoniella_shandongensis
G008694065	k__Fungi;p__Ascomycota;c__Sordariomycetes;o__Xylariales;f__Hypoxylaceae;g__Daldinia;s__Daldinia_childiae	Fungi	Ascomycota	Sordariomycetes	Xylariales	Hypoxylaceae	Daldinia	Daldinia_childiae
G008704595	k__Fungi;p__Ascomycota;c__Saccharomycetes;o__Saccharomycetales;f__other;g__Diutina;s__Diutina_rugosa	Fungi	Ascomycota	Saccharomycetes	Saccharomycetales	other	Diutina	Diutina_rugosa
G009176365	k__Fungi;p__Ascomycota;c__Eurotiomycetes;o__Eurotiales;f__Aspergillaceae;g__Aspergillus;s__Aspergillus_alliaceus	Fungi	Ascomycota	Eurotiomycetes	Eurotiales	Aspergillaceae	Aspergillus	Aspergillus_alliaceus
G009193445	k__Fungi;p__Ascomycota;c__Eurotiomycetes;o__Eurotiales;f__Aspergillaceae;g__Aspergillus;s__Aspergillus_pseudotamarii	Fungi	Ascomycota	Eurotiomycetes	Eurotiales	Aspergillaceae	Aspergillus	Aspergillus_pseudotamarii
G009193585	k__Fungi;p__Ascomycota;c__Eurotiomycetes;o__Eurotiales;f__Aspergillaceae;g__Aspergillus;s__Aspergillus_caelatus	Fungi	Ascomycota	Eurotiomycetes	Eurotiales	Aspergillaceae	Aspergillus	Aspergillus_caelatus
G009193645	k__Fungi;p__Ascomycota;c__Eurotiomycetes;o__Eurotiales;f__Aspergillaceae;g__Aspergillus;s__Aspergillus_pseudonomius	Fungi	Ascomycota	Eurotiomycetes	Eurotiales	Aspergillaceae	Aspergillus	Aspergillus_pseudonomius
G009771025	k__Fungi;p__Ascomycota;c__Sordariomycetes;o__Glomerellales;f__Glomerellaceae;g__Colletotrichum;s__Colletotrichum_fructicola	Fungi	Ascomycota	Sordariomycetes	Glomerellales	Glomerellaceae	Colletotrichum	Colletotrichum_fructicola
G010015565	k__Fungi;p__Ascomycota;c__Dothideomycetes;o__Mycosphaerellales;f__Dissoconiaceae;g__Dissoconium;s__Dissoconium_aciculare	Fungi	Ascomycota	Dothideomycetes	Mycosphaerellales	Dissoconiaceae	Dissoconium	Dissoconium_aciculare
G010015585	k__Fungi;p__Ascomycota;c__Dothideomycetes;o__Eremomycetales;f__Eremomycetaceae;g__Eremomyces;s__Eremomyces_bilateralis	Fungi	Ascomycota	Dothideomycetes	Eremomycetales	Eremomycetaceae	Eremomyces	Eremomyces_bilateralis
G010015735	k__Fungi;p__Ascomycota;c__Dothideomycetes;o__Pleosporales;f__other;g__Aaosphaeria;s__Aaosphaeria_arxii	Fungi	Ascomycota	Dothideomycetes	Pleosporales	other	Aaosphaeria	Aaosphaeria_arxii
G010015815	k__Fungi;p__Ascomycota;c__Dothideomycetes;o__Pleosporales;f__Dothidotthiaceae;g__Dothidotthia;s__Dothidotthia_symphoricarpi	Fungi	Ascomycota	Dothideomycetes	Pleosporales	Dothidotthiaceae	Dothidotthia	Dothidotthia_symphoricarpi
G010093505	k__Fungi;p__Ascomycota;c__Dothideomycetes;o__Mycosphaerellales;f__Teratosphaeriaceae;g__Neohortaea;s__Neohortaea_acidophila	Fungi	Ascomycota	Dothideomycetes	Mycosphaerellales	Teratosphaeriaceae	Neohortaea	Neohortaea_acidophila
G010093535	k__Fungi;p__Ascomycota;c__Dothideomycetes;o__Pleosporales;f__Lindgomycetaceae;g__Lindgomyces;s__Lindgomyces_ingoldianus	Fungi	Ascomycota	Dothideomycetes	Pleosporales	Lindgomycetaceae	Lindgomyces	Lindgomyces_ingoldianus
G010093595	k__Fungi;p__Ascomycota;c__Dothideomycetes;o__Mytilinidiales;f__Mytilinidiaceae;g__Mytilinidion;s__Mytilinidion_resinicola	Fungi	Ascomycota	Dothideomycetes	Mytilinidiales	Mytilinidiaceae	Mytilinidion	Mytilinidion_resinicola
G010093625	k__Fungi;p__Ascomycota;c__Dothideomycetes;o__Pleosporales;f__Didymellaceae;g__Macroventuria;s__Macroventuria_anomochaeta	Fungi	Ascomycota	Dothideomycetes	Pleosporales	Didymellaceae	Macroventuria	Macroventuria_anomochaeta
G010093815	k__Fungi;p__Ascomycota;c__Dothideomycetes;o__Acrospermales;f__Acrospermaceae;g__Pseudovirgaria;s__Pseudovirgaria_hyperparasitica	Fungi	Ascomycota	Dothideomycetes	Acrospermales	Acrospermaceae	Pseudovirgaria	Pseudovirgaria_hyperparasitica
G010093885	k__Fungi;p__Ascomycota;c__Dothideomycetes;o__Botryosphaeriales;f__Aplosporellaceae;g__Aplosporella;s__Aplosporella_prunicola	Fungi	Ascomycota	Dothideomycetes	Botryosphaeriales	Aplosporellaceae	Aplosporella	Aplosporella_prunicola
G010093935	k__Fungi;p__Ascomycota;c__Dothideomycetes;o__Mycosphaerellales;f__Mycosphaerellaceae;g__Zasmidium;s__Zasmidium_cellare	Fungi	Ascomycota	Dothideomycetes	Mycosphaerellales	Mycosphaerellaceae	Zasmidium	Zasmidium_cellare
G010094035	k__Fungi;p__Ascomycota;c__Dothideomycetes;o__Pleosporales;f__Trematosphaeriaceae;g__Trematosphaeria;s__Trematosphaeria_pertusa	Fungi	Ascomycota	Dothideomycetes	Pleosporales	Trematosphaeriaceae	Trematosphaeria	Trematosphaeria_pertusa
G010094085	k__Fungi;p__Ascomycota;c__Dothideomycetes;o__Pleosporales;f__Sporormiaceae;g__Westerdykella;s__Westerdykella_ornata	Fungi	Ascomycota	Dothideomycetes	Pleosporales	Sporormiaceae	Westerdykella	Westerdykella_ornata
G010094145	k__Fungi;p__Ascomycota;c__Dothideomycetes;o__Pleosporales;f__Didymellaceae;g__Didymella;s__Didymella_exigua	Fungi	Ascomycota	Dothideomycetes	Pleosporales	Didymellaceae	Didymella	Didymella_exigua
G010724455	k__Fungi;p__Ascomycota;c__Eurotiomycetes;o__Eurotiales;f__Aspergillaceae;g__Aspergillus;s__Aspergillus_lentulus	Fungi	Ascomycota	Eurotiomycetes	Eurotiales	Aspergillaceae	Aspergillus	Aspergillus_lentulus
G011692745	k__Fungi;p__Ascomycota;c__Eurotiomycetes;o__Onygenales;f__Arthrodermataceae;g__Arthroderma;s__Arthroderma_uncinatum	Fungi	Ascomycota	Eurotiomycetes	Onygenales	Arthrodermataceae	Arthroderma	Arthroderma_uncinatum
G900007375	k__Fungi;p__Ascomycota;c__Sordariomycetes;o__Hypocreales;f__Nectriaceae;g__Fusarium;s__Fusarium_venenatum	Fungi	Ascomycota	Sordariomycetes	Hypocreales	Nectriaceae	Fusarium	Fusarium_venenatum
G900067095	k__Fungi;p__Ascomycota;c__Sordariomycetes;o__Hypocreales;f__Nectriaceae;g__Fusarium;s__Fusarium_proliferatum	Fungi	Ascomycota	Sordariomycetes	Hypocreales	Nectriaceae	Fusarium	Fusarium_proliferatum
G900074925	k__Fungi;p__Ascomycota;c__Dothideomycetes;o__Mycosphaerellales;f__Mycosphaerellaceae;g__Ramularia;s__Ramularia_collo-cygni	Fungi	Ascomycota	Dothideomycetes	Mycosphaerellales	Mycosphaerellaceae	Ramularia	Ramularia_collo-cygni
G900079805	k__Fungi;p__Ascomycota;c__Sordariomycetes;o__Hypocreales;f__Nectriaceae;g__Fusarium;s__Fusarium_fujikuroi	Fungi	Ascomycota	Sordariomycetes	Hypocreales	Nectriaceae	Fusarium	Fusarium_fujikuroi
G902498895	k__Fungi;p__Ascomycota;c__Saccharomycetes;o__Saccharomycetales;f__Dipodascaceae;g__Saprochaete;s__Saprochaete_ingens	Fungi	Ascomycota	Saccharomycetes	Saccharomycetales	Dipodascaceae	Saprochaete	Saprochaete_ingens